playoff_Rk,Player,playoff_Season,playoff_Age,playoff_Team,playoff_G,playoff_GS,playoff_AS,playoff_MP,playoff_FG,playoff_FGA,playoff_2P,playoff_2PA,playoff_3P,playoff_3PA,playoff_FT,playoff_FTA,playoff_ORB,playoff_DRB,playoff_TRB,playoff_AST,playoff_STL,playoff_BLK,playoff_TOV,playoff_PF,playoff_PTS,playoff_FG%,playoff_2P%,playoff_3P%,playoff_FT%,playoff_TS%,playoff_eFG%,playoff_Pos,playoff_WS,playoff_ORtg,playoff_DRtg,playoff_OWS,playoff_DWS,playoff_WS/48,playoff_OBPM,playoff_DBPM,playoff_BPM,playoff_VORP,playoff_PER,playoff_ORB%,playoff_DRB%,playoff_TRB%,playoff_AST%,playoff_STL%,playoff_BLK%,playoff_TOV%,playoff_USG%
1,Omer Yurtseven,2021-22,23,MIA,9,0,0,4.2,1.3,2.0,1.3,1.8,0.0,0.2,0.1,0.3,0.1,0.7,0.8,0.3,0.0,0.1,0.0,0.2,2.8,0.667,0.75,0.0,0.333,0.647,0.667,C,0.2,132.0,110.0,0.1,0.0,0.228,5.1,2.8,8.0,0.1,25.8,3.0,19.3,10.8,16.6,0.0,2.9,0.0,22.6
2,Trae Young,2021-22,23,ATL,5,5,1,37.2,4.4,13.8,3.0,6.2,1.4,7.6,5.2,6.6,1.0,4.0,5.0,6.0,0.6,0.0,6.2,2.6,15.4,0.319,0.484,0.184,0.788,0.461,0.37,G,-0.5,83.0,117.0,-0.6,0.1,-0.139,-4.0,-4.1,-8.1,-0.3,5.3,3.2,13.2,8.1,27.0,0.8,0.0,27.1,28.3
3,Thaddeus Young,2021-22,33,TOR,6,0,0,14.5,1.5,3.0,1.3,1.8,0.2,1.2,0.2,0.7,1.2,1.8,3.0,1.7,0.8,0.2,0.5,1.3,3.3,0.5,0.727,0.143,0.25,0.506,0.528,F,0.1,115.0,117.0,0.1,0.0,0.067,-0.6,2.3,1.7,0.1,14.3,9.0,17.2,12.7,16.9,3.0,1.3,13.2,12.1
4,Delon Wright,2021-22,29,ATL,5,0,0,27.4,3.0,5.8,2.0,3.2,1.0,2.6,1.2,1.8,2.2,2.6,4.8,2.8,0.8,0.2,1.0,0.4,8.2,0.517,0.625,0.385,0.667,0.622,0.603,G,0.4,129.0,116.0,0.3,0.1,0.13,3.3,1.5,4.8,0.2,15.9,9.5,11.7,10.6,16.8,1.5,0.7,13.2,12.8
5,Ziaire Williams,2021-22,20,MEM,10,1,0,16.8,2.3,5.2,1.2,1.6,1.1,3.6,1.2,1.3,0.4,1.2,1.6,0.5,0.5,0.0,0.2,1.4,6.9,0.442,0.75,0.306,0.923,0.598,0.548,F,0.4,125.0,112.0,0.3,0.1,0.126,-0.9,0.4,-0.6,0.1,11.8,2.4,8.0,5.0,4.3,1.4,0.0,3.3,14.6
6,Robert Williams,2021-22,24,BOS,17,15,0,23.2,3.1,4.6,3.1,4.5,0.0,0.1,1.5,1.6,2.5,3.6,6.2,1.0,0.7,2.2,0.6,2.0,7.7,0.679,0.688,0.0,0.893,0.725,0.679,C-F,2.1,147.0,102.0,1.3,0.8,0.254,2.2,3.8,5.9,0.8,21.7,12.7,17.1,15.0,6.8,1.5,8.8,10.0,11.5
7,Patrick Williams,2021-22,20,CHI,5,5,0,30.6,4.4,9.4,3.0,5.2,1.4,4.2,1.6,2.2,1.2,4.2,5.4,0.8,1.0,0.6,1.4,3.0,11.8,0.468,0.577,0.333,0.727,0.569,0.543,F,0.2,102.0,109.0,0.0,0.2,0.061,-2.3,0.7,-1.6,0.0,11.3,3.6,15.0,8.8,4.3,1.6,1.9,11.9,16.9
8,Grant Williams,2021-22,23,BOS,24,5,0,27.3,2.7,6.3,1.3,2.5,1.5,3.7,1.8,2.2,1.0,2.8,3.8,0.8,0.3,0.8,0.8,3.5,8.6,0.433,0.492,0.393,0.808,0.599,0.55,F,1.4,116.0,110.0,0.6,0.8,0.104,-2.0,1.2,-0.8,0.2,9.5,4.1,11.3,7.8,4.4,0.6,2.5,10.4,13.3
9,Andrew Wiggins,2021-22,26,GSW,22,22,1,34.9,6.5,13.9,4.9,9.1,1.6,4.8,1.9,3.0,2.5,5.0,7.5,1.8,1.0,1.0,1.4,2.5,16.5,0.469,0.54,0.333,0.646,0.544,0.526,F-G,1.7,112.0,110.0,0.8,0.9,0.108,0.5,0.3,0.8,0.5,16.0,8.1,15.8,12.1,7.7,1.4,3.0,8.3,20.8
10,Hassan Whiteside,2021-22,32,UTA,6,0,0,10.8,0.8,2.0,0.8,2.0,0.0,0.0,0.2,0.7,1.3,3.8,5.2,0.0,0.3,1.3,0.0,1.5,1.8,0.417,0.417,,0.25,0.4,0.417,C,0.2,110.0,100.0,0.0,0.2,0.139,-0.6,2.8,2.2,0.1,16.7,14.4,40.9,27.7,0.0,1.6,15.2,0.0,9.9
11,Derrick White,2021-22,27,BOS,23,3,0,25.4,2.8,7.7,1.7,4.0,1.1,3.6,1.8,2.2,0.3,2.7,3.0,2.7,0.9,0.6,1.3,2.0,8.5,0.364,0.409,0.313,0.824,0.494,0.438,G,0.8,101.0,108.0,-0.1,0.9,0.065,-2.0,1.8,-0.1,0.3,10.1,1.6,11.5,6.7,15.9,1.8,2.0,12.8,17.5
12,Coby White,2021-22,21,CHI,5,0,0,19.6,3.0,9.0,1.4,3.2,1.6,5.8,0.8,1.0,0.0,3.4,3.4,1.8,0.2,0.0,1.2,1.0,8.4,0.333,0.438,0.276,0.8,0.445,0.422,G,-0.2,83.0,112.0,-0.2,0.1,-0.078,-3.2,-1.3,-4.5,-0.1,6.5,0.0,18.9,8.7,15.2,0.5,0.0,11.3,23.8
13,Yuta Watanabe,2021-22,27,TOR,4,0,0,2.5,0.5,1.5,0.5,1.3,0.0,0.3,0.0,0.0,0.0,0.0,0.0,0.0,0.0,0.0,0.3,0.0,1.0,0.333,0.4,0.0,,0.333,0.333,F,-0.1,58.0,129.0,-0.1,0.0,-0.419,-11.0,-9.0,-19.9,0.0,-5.7,0.0,0.0,0.0,0.0,0.0,0.0,14.3,32.5
14,Ish Wainright,2021-22,27,PHO,7,0,0,3.7,0.7,1.7,0.3,0.9,0.4,0.9,0.0,0.0,1.0,0.6,1.6,0.1,0.1,0.1,0.4,0.3,1.9,0.417,0.333,0.5,,0.542,0.542,F,0.0,107.0,113.0,0.0,0.0,0.076,7.0,-0.4,6.6,0.1,21.3,33.0,17.7,25.1,5.8,2.0,3.7,20.0,26.5
15,Nikola Vučević,2021-22,31,CHI,5,5,0,36.2,8.0,18.2,5.4,9.8,2.6,8.4,0.8,1.0,2.8,9.6,12.4,3.2,0.4,1.2,1.6,2.8,19.4,0.44,0.551,0.31,0.8,0.52,0.511,C,0.3,103.0,108.0,0.0,0.3,0.075,3.0,1.0,4.0,0.3,17.6,7.2,28.9,17.2,16.5,0.5,3.2,7.9,24.5
16,Gabe Vincent,2021-22,25,MIA,18,8,0,23.5,2.8,7.3,1.4,2.8,1.4,4.5,1.1,1.1,0.2,1.8,1.9,3.2,0.8,0.3,1.4,2.3,8.0,0.382,0.5,0.309,0.95,0.515,0.477,G,0.6,103.0,109.0,0.0,0.5,0.065,-1.7,1.4,-0.3,0.2,10.0,0.8,9.2,4.9,20.0,1.7,1.3,15.2,17.4
17,Luca Vildoza,2021-22,26,MIL,7,0,0,2.4,0.3,0.9,0.1,0.1,0.1,0.7,0.0,0.0,0.1,0.1,0.3,0.6,0.3,0.0,0.0,0.3,0.7,0.333,1.0,0.2,,0.417,0.417,G,0.1,118.0,97.0,0.0,0.0,0.21,0.6,5.0,5.5,0.0,17.9,6.3,5.8,6.0,34.4,5.7,0.0,0.0,15.3
18,Fred VanVleet,2021-22,27,TOR,4,4,1,35.0,4.8,13.5,1.8,4.5,3.0,9.0,1.3,1.5,0.5,2.5,3.0,6.3,1.8,1.0,1.0,3.0,13.8,0.352,0.389,0.333,0.833,0.486,0.463,G,0.2,111.0,118.0,0.1,0.0,0.06,2.6,0.9,3.5,0.2,15.7,1.6,9.7,5.3,27.5,2.6,3.1,6.6,20.1
19,Jarred Vanderbilt,2021-22,22,MIN,6,6,0,21.5,2.2,4.5,2.2,4.5,0.0,0.0,1.2,1.7,2.0,5.2,7.2,0.7,1.2,0.3,0.8,2.7,5.5,0.481,0.481,,0.7,0.525,0.481,F,0.3,110.0,107.0,0.1,0.2,0.098,-1.8,1.2,-0.5,0.0,12.0,10.9,25.4,18.5,4.7,2.5,1.3,13.7,12.1
20,Jonas Valančiūnas,2021-22,29,NOP,6,6,0,29.2,5.5,11.3,5.3,10.3,0.2,1.0,3.3,4.3,5.5,8.8,14.3,3.0,0.7,0.2,2.0,2.8,14.5,0.485,0.516,0.167,0.769,0.548,0.493,C,0.6,122.0,117.0,0.5,0.1,0.154,4.6,-0.9,3.7,0.3,23.9,20.9,38.3,29.0,16.5,1.2,0.5,13.1,22.5
21,Rayjon Tucker,2021-22,24,MIL,8,0,0,2.4,0.1,0.4,0.1,0.3,0.0,0.1,0.0,0.0,0.1,0.3,0.4,0.0,0.0,0.0,0.0,0.3,0.3,0.333,0.5,0.0,,0.333,0.333,F,0.0,88.0,109.0,0.0,0.0,0.035,-7.3,-0.6,-7.8,0.0,1.7,5.6,10.4,8.1,0.0,0.0,0.0,0.0,6.8
22,P.J. Tucker,2021-22,36,MIA,18,18,0,28.3,3.0,6.1,1.7,3.2,1.3,2.8,0.6,0.9,1.9,3.7,5.7,1.8,0.8,0.3,0.7,2.8,7.9,0.495,0.534,0.451,0.688,0.612,0.601,F,1.6,127.0,108.0,0.9,0.7,0.149,0.4,1.8,2.2,0.5,12.9,7.8,16.1,11.8,9.2,1.4,1.1,10.1,11.3
23,Gary Trent Jr.,2021-22,23,TOR,6,6,0,33.2,5.2,13.7,3.0,7.2,2.2,6.5,2.8,3.2,0.2,1.5,1.7,1.3,1.0,0.5,0.5,1.8,15.3,0.378,0.419,0.333,0.895,0.509,0.457,G,0.1,107.0,122.0,0.1,-0.1,0.014,-0.7,-0.7,-1.4,0.0,12.4,0.6,6.2,3.1,6.4,1.6,1.6,3.2,21.8
24,Karl-Anthony Towns,2021-22,26,MIN,6,6,1,37.0,6.5,13.3,4.8,9.7,1.7,3.7,7.2,8.3,1.8,9.0,10.8,2.2,0.7,2.0,4.5,4.2,21.8,0.488,0.5,0.455,0.86,0.642,0.55,C-F,0.5,108.0,109.0,0.2,0.3,0.098,0.2,0.2,0.4,0.1,17.3,5.8,25.7,16.3,10.1,0.8,4.6,20.9,24.9
25,Juan Toscano-Anderson,2021-22,28,GSW,14,0,0,3.5,0.3,0.7,0.1,0.4,0.1,0.4,0.1,0.2,0.0,0.7,0.7,0.6,0.1,0.1,0.6,0.2,0.8,0.4,0.4,0.4,0.333,0.486,0.5,F,-0.1,74.0,107.0,-0.2,0.1,-0.084,-5.5,1.1,-4.4,0.0,4.6,0.0,22.3,11.4,20.9,2.0,2.1,41.4,17.3
26,Xavier Tillman Sr.,2021-22,23,MEM,9,6,0,15.4,2.0,2.8,1.9,2.6,0.1,0.2,0.3,0.7,1.4,1.9,3.3,0.7,0.7,0.1,1.1,1.8,4.4,0.72,0.739,0.5,0.5,0.724,0.74,F,0.3,115.0,109.0,0.1,0.2,0.104,-1.9,1.6,-0.3,0.1,12.1,9.3,13.7,11.4,6.2,2.0,0.7,26.6,11.1
27,Matisse Thybulle,2021-22,24,PHI,9,0,0,15.2,1.2,2.7,0.8,1.1,0.4,1.6,0.1,0.3,0.2,0.8,1.0,0.4,0.8,0.8,0.2,1.7,3.0,0.458,0.7,0.286,0.333,0.533,0.542,G,0.2,107.0,110.0,0.0,0.2,0.069,-2.0,3.6,1.6,0.1,8.9,1.9,6.0,4.0,4.3,2.7,4.7,7.3,9.4
28,Tristan Thompson,2021-22,30,CHI,5,0,0,7.6,0.4,1.0,0.4,1.0,0.0,0.0,0.0,0.0,0.4,1.2,1.6,0.4,0.2,0.0,1.0,0.8,0.8,0.4,0.4,,,0.4,0.4,F-C,-0.1,55.0,111.0,-0.1,0.0,-0.115,-9.8,-0.1,-9.9,-0.1,-0.6,4.9,17.2,10.5,7.5,1.3,0.0,50.0,11.5
29,Klay Thompson,2021-22,31,GSW,22,22,0,36.0,7.2,16.7,3.7,7.6,3.5,9.1,1.2,1.4,0.3,3.6,3.9,2.3,1.1,0.7,1.3,2.1,19.0,0.429,0.482,0.385,0.867,0.55,0.534,G-F,1.3,108.0,112.0,0.6,0.7,0.079,1.1,-0.4,0.7,0.6,14.1,1.0,10.9,6.1,9.5,1.5,1.9,6.8,22.7
30,Cam Thomas,2021-22,20,BRK,1,0,0,0.0,0.0,0.0,0.0,0.0,0.0,0.0,0.0,0.0,0.0,0.0,0.0,0.0,0.0,0.0,0.0,0.0,0.0,,,,,,,G,0.0,,,0.0,0.0,,,,,0.0,,,,,,,,,
31,Daniel Theis,2021-22,29,BOS,16,5,0,12.5,1.9,3.2,1.7,2.3,0.2,0.9,0.4,0.5,0.8,2.4,3.3,0.7,0.3,0.5,0.7,1.6,4.3,0.588,0.73,0.214,0.75,0.633,0.618,C,0.6,115.0,105.0,0.2,0.3,0.134,-1.3,1.8,0.4,0.1,14.2,7.6,21.2,14.6,8.9,1.0,3.7,16.8,14.7
32,Garrett Temple,2021-22,35,NOP,1,0,0,2.0,0.0,0.0,0.0,0.0,0.0,0.0,0.0,0.0,0.0,1.0,1.0,0.0,0.0,0.0,0.0,0.0,0.0,,,,,,,G,0.0,,116.0,0.0,0.0,0.024,-4.7,2.5,-2.2,0.0,6.2,0.0,63.2,29.5,0.0,0.0,0.0,,0.0
33,Jayson Tatum,2021-22,23,BOS,24,24,1,41.0,8.4,19.7,5.2,11.5,3.2,8.2,5.7,7.1,1.0,5.7,6.7,6.2,1.2,0.9,4.2,3.0,25.6,0.426,0.449,0.393,0.8,0.562,0.507,F,2.2,107.0,107.0,0.8,1.5,0.11,3.1,1.4,4.5,1.6,17.6,2.8,15.2,9.2,26.9,1.5,2.0,15.5,29.6
34,Max Strus,2021-22,25,MIA,18,18,0,29.1,3.8,10.1,1.2,2.2,2.6,7.9,0.7,1.0,0.8,3.2,4.1,2.1,0.8,0.4,1.1,3.1,10.9,0.374,0.525,0.331,0.722,0.516,0.503,G,0.8,105.0,108.0,0.1,0.7,0.076,-0.2,0.7,0.5,0.3,10.4,3.3,13.5,8.2,11.0,1.4,1.7,9.5,17.9
35,Nik Stauskas,2021-22,28,BOS,13,0,0,1.8,0.2,0.9,0.0,0.2,0.2,0.8,0.3,0.3,0.0,0.3,0.3,0.3,0.0,0.0,0.0,0.0,1.0,0.25,0.0,0.3,1.0,0.472,0.375,G,0.1,115.0,111.0,0.0,0.0,0.139,2.3,0.3,2.6,0.0,15.5,0.0,18.1,9.4,26.1,0.0,0.0,0.0,25.8
36,Jaden Springer,2021-22,19,PHI,5,0,0,2.6,0.6,1.2,0.6,1.0,0.0,0.2,0.0,0.0,0.0,0.8,0.8,0.4,0.0,0.0,0.0,0.2,1.2,0.5,0.6,0.0,,0.5,0.5,G,0.0,115.0,111.0,0.0,0.0,0.126,-1.1,1.5,0.4,0.0,17.4,0.0,36.0,18.9,29.5,0.0,0.0,0.0,21.7
37,Marcus Smart,2021-22,27,BOS,21,21,0,36.2,5.4,13.3,3.1,6.8,2.3,6.5,2.4,3.0,1.0,3.6,4.5,5.9,1.2,0.2,2.5,3.4,15.4,0.405,0.458,0.35,0.806,0.529,0.491,G,1.5,107.0,109.0,0.5,1.0,0.094,-0.8,1.1,0.3,0.4,13.1,3.1,10.7,7.0,26.3,1.7,0.6,14.5,21.2
38,Pascal Siakam,2021-22,27,TOR,6,6,0,43.3,8.5,17.8,7.8,15.0,0.7,2.8,5.2,6.0,1.3,5.8,7.2,5.8,1.2,1.0,2.2,4.0,22.8,0.477,0.522,0.235,0.861,0.558,0.495,F,0.5,116.0,120.0,0.5,0.0,0.098,2.3,0.7,3.0,0.3,19.7,3.5,18.3,10.2,22.9,1.4,2.5,9.6,24.2
39,Day'Ron Sharpe,2021-22,20,BRK,1,0,0,0.0,0.0,0.0,0.0,0.0,0.0,0.0,0.0,0.0,0.0,0.0,0.0,0.0,0.0,0.0,0.0,0.0,0.0,,,,,,,C,0.0,,,0.0,0.0,,,,,0.0,,,,,,,,,
40,Landry Shamet,2021-22,24,PHO,12,0,0,16.0,1.6,4.0,0.8,1.8,0.8,2.2,0.4,0.6,0.3,1.4,1.7,1.3,0.5,0.0,0.6,0.8,4.3,0.396,0.455,0.346,0.714,0.509,0.49,G,0.0,103.0,119.0,0.0,0.0,0.011,-1.6,0.1,-1.5,0.0,8.4,1.9,10.2,6.2,10.3,1.6,0.0,12.1,13.9
41,D'Angelo Russell,2021-22,25,MIN,6,6,0,32.7,4.0,12.0,2.0,6.8,2.0,5.2,2.0,2.7,0.0,2.5,2.5,6.7,1.5,0.0,2.8,2.8,12.0,0.333,0.293,0.387,0.75,0.455,0.417,G,-0.1,94.0,114.0,-0.2,0.1,-0.022,-1.8,-1.1,-2.9,0.0,8.5,0.0,8.1,4.3,32.2,2.1,0.0,17.7,21.0
42,Duncan Robinson,2021-22,27,MIA,13,0,0,12.2,1.9,4.4,0.5,0.8,1.4,3.6,0.4,0.5,0.2,1.6,1.8,0.4,0.3,0.1,0.2,1.7,5.6,0.439,0.7,0.383,0.833,0.612,0.596,G-F,0.5,120.0,109.0,0.3,0.2,0.142,0.8,2.0,2.8,0.2,13.2,1.4,16.1,8.5,5.0,1.3,0.7,4.8,17.5
43,Austin Rivers,2021-22,29,DEN,5,0,0,21.6,1.6,3.6,0.8,1.2,0.8,2.4,0.2,0.2,0.0,0.6,0.6,1.2,1.4,0.2,0.8,3.0,4.2,0.444,0.667,0.333,1.0,0.569,0.556,G,0.0,103.0,120.0,0.0,0.0,0.003,-3.5,1.1,-2.4,0.0,6.1,0.0,3.5,1.7,7.4,3.2,1.0,17.8,9.0
44,Naz Reid,2021-22,22,MIN,5,0,0,10.8,1.4,3.4,0.8,2.0,0.6,1.4,1.4,1.4,0.4,2.4,2.8,0.0,0.2,1.2,1.0,2.8,4.8,0.412,0.4,0.429,1.0,0.598,0.5,F,0.1,97.0,106.0,0.0,0.1,0.051,-4.0,2.1,-1.9,0.0,11.2,4.4,23.4,14.4,0.0,0.9,9.5,19.9,19.9
45,Paul Reed,2021-22,22,PHI,12,0,0,11.7,1.6,3.0,1.4,2.8,0.2,0.3,0.3,0.6,1.8,2.0,3.8,0.8,0.8,0.5,0.8,2.4,3.7,0.528,0.515,0.667,0.571,0.563,0.556,F,0.5,117.0,105.0,0.2,0.3,0.161,-0.8,2.9,2.0,0.1,17.7,20.2,20.1,20.1,11.6,3.3,4.0,18.7,16.1
46,Payton Pritchard,2021-22,24,BOS,24,0,0,12.9,1.8,4.3,0.8,1.3,1.0,3.0,0.2,0.3,0.4,1.5,1.9,1.6,0.3,0.1,0.4,1.0,4.8,0.422,0.633,0.333,0.667,0.545,0.539,G,0.8,116.0,110.0,0.4,0.4,0.12,0.7,0.8,1.5,0.3,12.8,3.8,12.7,8.4,19.7,1.0,0.6,7.9,16.6
47,Taurean Prince,2021-22,27,MIN,5,0,0,13.0,2.0,5.4,1.2,2.6,0.8,2.8,1.2,1.4,0.2,1.4,1.6,1.2,0.4,0.2,0.8,1.0,6.0,0.37,0.462,0.286,0.857,0.499,0.444,F,0.0,97.0,114.0,0.0,0.0,0.0,-0.7,-0.3,-1.0,0.0,10.4,1.8,11.4,6.8,15.3,1.4,1.3,11.7,22.5
48,Dwight Powell,2021-22,30,DAL,18,18,0,13.8,1.2,1.9,1.2,1.8,0.0,0.1,0.8,1.3,0.9,1.7,2.6,0.2,0.2,0.3,0.5,2.2,3.2,0.629,0.667,0.0,0.609,0.643,0.629,F-C,0.4,122.0,116.0,0.3,0.1,0.086,-4.0,-0.4,-4.4,-0.2,9.3,7.9,14.4,11.1,2.4,0.6,2.2,16.6,10.3
49,Bobby Portis,2021-22,26,MIL,12,5,0,24.8,4.0,9.6,2.8,5.7,1.2,3.9,1.4,1.8,2.1,7.9,10.0,0.8,0.4,0.3,1.3,2.2,10.6,0.417,0.5,0.298,0.773,0.509,0.478,F,0.6,101.0,101.0,0.0,0.7,0.101,-0.2,-0.3,-0.5,0.1,13.7,8.9,31.6,20.6,4.7,0.8,1.0,11.4,20.4
50,Otto Porter Jr.,2021-22,28,GSW,19,3,0,19.5,2.0,4.1,1.0,1.6,1.0,2.5,0.4,0.5,0.6,2.8,3.4,1.8,0.9,0.3,0.6,1.8,5.4,0.494,0.633,0.404,0.778,0.63,0.617,F,1.0,125.0,109.0,0.6,0.5,0.135,0.1,2.6,2.7,0.4,13.0,3.7,15.6,9.8,12.1,2.3,1.6,12.9,11.0
51,Jordan Poole,2021-22,22,GSW,22,5,0,27.5,5.9,11.5,3.6,5.7,2.3,5.8,3.0,3.2,0.5,2.4,2.8,3.8,0.8,0.4,2.4,2.8,17.0,0.508,0.627,0.391,0.915,0.654,0.606,G,1.9,119.0,113.0,1.4,0.5,0.151,2.4,0.4,2.8,0.7,18.8,1.9,9.4,5.7,21.1,1.4,1.3,15.7,24.5
52,Gary Payton II,2021-22,29,GSW,12,2,0,16.9,2.4,3.7,1.8,2.4,0.7,1.3,1.0,1.5,1.1,2.0,3.1,1.3,1.2,0.6,0.5,1.9,6.5,0.659,0.724,0.533,0.667,0.751,0.75,G,1.0,146.0,106.0,0.7,0.3,0.235,2.7,4.7,7.4,0.5,20.6,7.4,12.9,10.2,11.0,3.4,3.5,10.4,12.5
53,Elfrid Payton,2021-22,27,PHO,2,0,0,4.0,1.0,1.5,1.0,1.5,0.0,0.0,0.0,0.0,0.0,0.0,0.0,1.5,0.0,0.0,0.0,0.0,2.0,0.667,0.667,,,0.667,0.667,G,0.1,160.0,126.0,0.1,0.0,0.303,10.9,2.2,13.1,0.0,28.3,0.0,0.0,0.0,61.7,0.0,0.0,0.0,17.2
54,Cameron Payne,2021-22,27,PHO,13,0,0,13.2,1.7,5.7,1.3,3.4,0.4,2.3,0.4,0.5,0.2,1.4,1.5,2.1,0.5,0.1,1.0,1.9,4.2,0.297,0.386,0.167,0.833,0.352,0.331,G,-0.5,80.0,117.0,-0.6,0.1,-0.134,-7.2,-1.8,-9.0,-0.3,3.4,1.4,12.1,6.9,21.5,2.1,0.6,14.5,24.0
55,Chris Paul,2021-22,36,PHO,13,13,1,34.5,6.7,11.9,5.2,8.2,1.5,3.8,2.7,2.8,0.5,3.6,4.2,8.3,1.5,0.2,2.4,3.1,17.5,0.561,0.642,0.388,0.946,0.666,0.623,G,1.8,130.0,117.0,1.6,0.2,0.196,3.7,1.2,4.9,0.8,22.8,1.9,12.1,7.2,36.4,2.2,0.4,15.3,20.8
56,Eric Paschall,2021-22,25,UTA,4,0,0,6.0,0.8,1.5,0.5,1.0,0.3,0.5,0.3,0.3,0.3,1.0,1.3,0.0,0.3,0.0,0.0,0.8,2.0,0.5,0.5,0.5,1.0,0.621,0.583,F,0.1,133.0,113.0,0.1,0.0,0.142,0.2,0.6,0.8,0.0,14.1,4.9,19.3,12.1,0.0,2.2,0.0,0.0,12.6
57,Victor Oladipo,2021-22,29,MIA,15,1,0,24.5,3.3,9.1,2.2,4.9,1.1,4.1,2.8,3.5,0.3,3.1,3.4,2.1,1.3,0.3,1.7,1.9,10.6,0.368,0.446,0.274,0.792,0.499,0.43,G,0.4,97.0,105.0,-0.2,0.6,0.051,-1.6,1.3,-0.3,0.2,11.5,1.2,15.6,8.2,12.8,2.6,1.2,13.6,22.3
58,Onyeka Okongwu,2021-22,21,ATL,5,1,0,21.6,1.8,3.2,1.8,3.2,0.0,0.0,1.6,2.0,2.2,3.2,5.4,0.4,0.8,0.8,0.8,3.8,5.2,0.563,0.563,,0.8,0.637,0.563,F,0.3,126.0,111.0,0.2,0.1,0.126,-2.2,0.7,-1.5,0.0,12.7,12.1,18.2,15.1,2.9,1.9,3.8,16.4,10.4
59,Josh Okogie,2021-22,23,MIN,1,0,0,2.0,0.0,0.0,0.0,0.0,0.0,0.0,0.0,0.0,0.0,0.0,0.0,0.0,0.0,0.0,0.0,0.0,0.0,,,,,,,G,0.0,,122.0,0.0,0.0,-0.01,-2.6,-2.3,-4.8,0.0,0.0,0.0,0.0,0.0,0.0,0.0,0.0,,0.0
60,Royce O'Neale,2021-22,28,UTA,6,6,0,31.3,2.3,5.8,1.2,1.7,1.2,4.2,0.3,0.3,1.0,4.7,5.7,1.5,0.5,0.2,0.5,2.7,6.2,0.4,0.7,0.28,1.0,0.516,0.5,F,0.2,112.0,116.0,0.1,0.1,0.049,-0.9,1.0,0.1,0.1,8.0,3.7,17.2,10.5,7.3,0.8,0.7,7.7,9.7
61,Jordan Nwora,2021-22,23,MIL,8,0,0,2.5,0.3,1.1,0.3,0.6,0.0,0.5,0.0,0.3,0.0,0.4,0.4,0.3,0.0,0.0,0.0,0.0,0.5,0.222,0.4,0.0,0.0,0.202,0.222,F,-0.1,55.0,108.0,-0.1,0.0,-0.206,-8.2,-2.9,-11.1,0.0,-3.2,0.0,14.8,7.7,14.2,0.0,0.0,0.0,21.4
62,Frank Ntilikina,2021-22,23,DAL,12,0,0,10.4,0.7,2.0,0.2,0.3,0.5,1.7,0.1,0.1,0.2,0.8,1.0,0.8,0.7,0.1,0.5,1.6,1.9,0.333,0.5,0.3,1.0,0.471,0.458,G,0.0,91.0,112.0,-0.1,0.1,0.007,-5.7,2.0,-3.7,-0.1,5.7,1.9,9.6,5.7,10.4,3.3,0.7,19.7,11.5
63,Jaylen Nowell,2021-22,22,MIN,1,0,0,12.0,3.0,10.0,3.0,5.0,0.0,5.0,0.0,0.0,0.0,0.0,0.0,1.0,1.0,0.0,0.0,1.0,6.0,0.3,0.6,0.0,,0.3,0.3,G,-0.1,67.0,113.0,-0.1,0.0,-0.293,-5.8,-3.8,-9.6,0.0,1.6,0.0,0.0,0.0,16.4,3.9,0.0,0.0,35.7
64,Zeke Nnaji,2021-22,21,DEN,2,0,0,4.5,0.5,0.5,0.0,0.0,0.5,0.5,0.0,0.0,0.0,0.0,0.0,0.0,0.0,0.0,0.0,1.0,1.5,1.0,,1.0,,1.5,1.5,F,0.0,300.0,128.0,0.0,0.0,0.082,1.2,-1.0,0.2,0.0,10.8,0.0,0.0,0.0,0.0,0.0,0.0,0.0,4.8
65,Georges Niang,2021-22,28,PHI,12,0,0,16.5,1.7,4.0,0.3,0.4,1.3,3.6,0.2,0.2,0.3,1.2,1.5,0.9,0.3,0.0,0.6,2.5,4.8,0.417,0.8,0.372,1.0,0.593,0.583,F,0.2,111.0,116.0,0.1,0.1,0.053,-1.8,-0.4,-2.2,0.0,7.1,2.6,8.3,5.6,8.5,0.8,0.0,12.5,13.3
66,Aaron Nesmith,2021-22,22,BOS,15,0,0,3.5,0.3,1.1,0.2,0.4,0.1,0.7,0.2,0.3,0.3,0.7,1.0,0.2,0.1,0.3,0.1,0.4,0.8,0.235,0.5,0.091,0.75,0.32,0.265,G-F,0.0,85.0,101.0,-0.1,0.1,0.026,-4.5,2.7,-1.7,0.0,8.9,9.0,23.0,16.2,8.4,1.9,7.0,5.1,17.1
67,Larry Nance Jr.,2021-22,29,NOP,6,0,0,21.7,3.7,6.5,3.3,5.0,0.3,1.5,1.5,1.8,3.2,2.7,5.8,1.8,0.5,0.3,1.0,2.5,9.2,0.564,0.667,0.222,0.818,0.627,0.59,F-C,0.4,134.0,120.0,0.4,0.0,0.162,2.9,0.3,3.2,0.2,20.7,16.2,15.5,15.9,13.2,1.2,1.3,12.0,16.5
68,Svi Mykhailiuk,2021-22,24,TOR,3,0,0,1.7,0.0,0.7,0.0,0.0,0.0,0.7,0.3,0.3,0.0,0.3,0.3,0.0,0.0,0.0,0.0,0.3,0.3,0.0,,0.0,1.0,0.205,0.0,G-F,0.0,49.0,122.0,0.0,0.0,-0.307,-16.4,-5.0,-21.4,0.0,-9.0,0.0,27.3,12.3,0.0,0.0,0.0,0.0,22.6
69,Trey Murphy III,2021-22,21,NOP,6,0,0,20.0,1.5,3.7,0.0,0.5,1.5,3.2,0.7,0.8,0.5,2.0,2.5,0.5,0.5,0.2,0.2,1.5,5.2,0.409,0.0,0.474,0.8,0.64,0.614,F,0.2,142.0,120.0,0.2,0.0,0.09,0.5,0.1,0.5,0.1,10.2,2.8,12.6,7.4,3.4,1.3,0.7,4.0,9.0
70,Monte Morris,2021-22,26,DEN,5,5,0,31.2,5.0,10.2,2.8,5.0,2.2,5.2,1.8,2.4,0.2,2.0,2.2,5.4,1.2,0.0,1.6,2.8,14.0,0.49,0.56,0.423,0.75,0.622,0.598,G,0.3,125.0,123.0,0.4,-0.1,0.101,2.2,-0.2,2.0,0.2,16.1,0.8,8.2,4.4,26.2,1.9,0.0,12.4,17.9
71,Markieff Morris,2021-22,32,MIA,1,0,0,3.0,0.0,1.0,0.0,1.0,0.0,0.0,0.0,0.0,0.0,1.0,1.0,0.0,0.0,0.0,1.0,2.0,0.0,0.0,0.0,,,0.0,0.0,F,0.0,0.0,105.0,-0.1,0.0,-0.772,-33.7,-6.6,-40.3,0.0,-39.3,0.0,40.7,19.6,0.0,0.0,0.0,50.0,29.7
72,Juwan Morgan,2021-22,24,BOS,9,0,0,1.7,0.0,0.1,0.0,0.0,0.0,0.1,0.1,0.2,0.2,0.1,0.3,0.0,0.0,0.0,0.0,0.1,0.1,0.0,,0.0,0.5,0.266,0.0,F,0.0,111.0,114.0,0.0,0.0,0.05,-4.3,-2.7,-6.9,0.0,4.1,15.6,7.3,11.3,0.0,0.0,0.0,0.0,5.6
73,Ja Morant,2021-22,22,MEM,9,9,1,37.6,9.0,20.4,7.1,14.9,1.9,5.6,7.2,9.7,1.4,6.6,8.0,9.8,2.0,0.4,3.6,2.4,27.1,0.44,0.478,0.34,0.747,0.549,0.486,G,1.3,115.0,106.0,0.8,0.5,0.191,6.0,2.4,8.4,0.9,24.3,3.8,19.5,11.2,44.2,2.5,1.2,12.6,30.8
74,Moses Moody,2021-22,19,GSW,13,0,0,8.1,1.2,2.2,0.6,1.2,0.5,1.0,0.3,0.5,0.2,0.5,0.6,0.3,0.2,0.2,0.2,0.3,3.2,0.536,0.533,0.538,0.667,0.669,0.661,G,0.3,124.0,113.0,0.2,0.1,0.119,1.4,0.4,1.7,0.1,14.0,2.2,6.2,4.3,5.3,1.4,2.9,8.9,14.1
75,Greg Monroe,2021-22,31,MIN,2,0,0,3.5,1.0,2.5,1.0,2.5,0.0,0.0,0.0,0.0,0.5,0.5,1.0,0.5,1.0,0.0,0.5,0.5,2.0,0.4,0.4,,,0.4,0.4,C-F,0.0,82.0,87.0,0.0,0.0,-0.033,-2.4,5.9,3.5,0.0,21.5,16.8,15.1,15.9,30.3,13.4,0.0,16.7,36.7
76,Donovan Mitchell,2021-22,25,UTA,6,6,1,38.2,8.8,22.2,7.2,14.2,1.7,8.0,6.2,7.0,1.0,3.3,4.3,5.7,0.7,0.5,2.7,2.3,25.5,0.398,0.506,0.208,0.881,0.505,0.436,G,0.3,106.0,117.0,0.2,0.1,0.054,3.9,-1.1,2.8,0.3,19.0,3.1,10.1,6.6,29.8,0.9,1.6,9.6,34.3
77,Shake Milton,2021-22,25,PHI,12,0,0,13.2,1.5,3.2,0.8,1.9,0.7,1.3,1.3,1.7,0.3,1.3,1.6,0.9,0.5,0.3,0.4,1.1,5.0,0.474,0.435,0.533,0.8,0.641,0.579,G,0.5,127.0,112.0,0.4,0.2,0.153,1.5,2.3,3.7,0.2,15.4,3.3,11.1,7.4,10.9,2.0,1.8,9.7,15.4
78,Paul Millsap,2021-22,36,PHI,1,0,0,6.0,0.0,0.0,0.0,0.0,0.0,0.0,0.0,0.0,0.0,1.0,1.0,1.0,0.0,0.0,0.0,1.0,0.0,,,,,,,F,0.0,234.0,115.0,0.0,0.0,0.111,-3.3,4.4,1.1,0.0,5.0,0.0,19.5,10.2,22.2,0.0,0.0,,0.0
79,Patty Mills,2021-22,33,BRK,4,0,0,18.0,2.3,4.0,0.5,0.8,1.8,3.3,0.0,0.0,0.0,1.0,1.0,0.0,0.0,0.3,0.3,1.3,6.3,0.563,0.667,0.538,,0.781,0.781,G,0.1,139.0,128.0,0.1,-0.1,0.046,2.3,-1.7,0.6,0.0,10.7,0.0,7.3,3.6,0.0,0.0,1.3,5.9,10.8
80,Khris Middleton,2021-22,30,MIL,2,2,1,36.0,5.0,12.0,2.0,5.0,3.0,7.0,1.5,1.5,0.5,4.5,5.0,7.0,1.5,0.0,5.5,3.0,14.5,0.417,0.4,0.429,1.0,0.573,0.542,F-G,0.1,94.0,104.0,-0.1,0.1,0.035,-0.9,1.9,0.9,0.1,10.5,1.5,12.4,7.1,29.3,2.0,0.0,30.3,21.8
81,De'Anthony Melton,2021-22,23,MEM,10,0,0,17.0,2.1,6.5,1.0,2.1,1.1,4.4,0.3,0.4,0.9,2.2,3.1,1.6,1.0,0.5,1.4,0.9,5.6,0.323,0.476,0.25,0.75,0.419,0.408,G,0.0,85.0,106.0,-0.3,0.3,-0.014,-2.8,0.3,-2.4,0.0,8.5,5.3,14.4,9.6,13.4,2.8,2.9,17.3,19.4
82,Jordan McLaughlin,2021-22,25,MIN,5,0,0,16.6,2.4,3.4,1.6,2.0,0.8,1.4,0.6,0.8,0.0,2.4,2.4,3.4,1.0,0.0,0.4,1.0,6.2,0.706,0.8,0.571,0.75,0.826,0.824,G,0.4,163.0,111.0,0.3,0.1,0.252,3.4,4.4,7.7,0.2,21.0,0.0,15.3,8.0,33.4,2.8,0.0,9.6,10.7
83,JaVale McGee,2021-22,34,PHO,12,0,0,11.1,2.9,4.2,2.9,4.1,0.0,0.1,0.9,1.1,1.3,2.7,4.0,0.6,0.3,0.4,0.8,2.3,6.8,0.7,0.714,0.0,0.846,0.727,0.7,C,0.6,132.0,112.0,0.5,0.1,0.226,2.1,1.5,3.5,0.2,26.3,14.7,27.8,21.4,8.9,1.2,3.6,13.9,22.4
84,Jaden McDaniels,2021-22,21,MIN,6,0,0,21.7,3.0,5.7,1.3,2.3,1.7,3.3,1.7,2.0,0.8,2.0,2.8,0.7,0.3,1.8,1.0,3.0,9.3,0.529,0.571,0.5,0.833,0.713,0.676,F,0.4,125.0,113.0,0.2,0.1,0.13,1.8,2.3,4.1,0.2,15.3,4.5,9.7,7.3,5.0,0.7,7.2,13.3,14.9
85,CJ McCollum,2021-22,30,NOP,6,6,0,39.0,8.2,20.8,5.3,12.3,2.8,8.5,3.0,4.3,1.8,4.8,6.7,4.8,0.7,0.8,2.5,2.5,22.2,0.392,0.432,0.333,0.692,0.487,0.46,G,0.2,108.0,120.0,0.2,0.0,0.047,2.6,-2.0,0.6,0.2,15.5,5.2,15.7,10.1,20.5,0.9,1.8,9.9,27.9
86,Skylar Mays,2021-22,24,ATL,2,0,0,4.5,0.5,0.5,0.5,0.5,0.0,0.0,0.0,0.0,0.0,0.5,0.5,0.5,0.5,0.0,0.0,0.5,1.0,1.0,1.0,,,1.0,1.0,G,0.0,208.0,106.0,0.0,0.0,0.24,0.1,8.1,8.2,0.0,18.6,0.0,13.7,6.7,18.3,5.6,0.0,0.0,5.1
87,Tyrese Maxey,2021-22,21,PHI,12,12,0,40.4,7.3,15.2,5.2,9.4,2.2,5.8,3.9,4.2,0.5,3.0,3.5,3.9,0.8,0.2,1.8,2.0,20.8,0.484,0.549,0.377,0.94,0.61,0.555,G,1.3,120.0,116.0,1.1,0.2,0.132,2.4,-0.3,2.1,0.5,16.9,1.6,8.7,5.3,17.0,1.0,0.4,9.3,21.8
88,Wesley Matthews,2021-22,35,MIL,12,12,0,28.8,2.1,5.3,0.6,1.6,1.5,3.8,0.5,0.8,0.8,2.3,3.1,1.2,0.8,0.3,0.5,2.3,6.2,0.391,0.368,0.4,0.667,0.544,0.531,G,0.8,112.0,106.0,0.2,0.6,0.105,-2.1,1.8,-0.3,0.1,7.3,2.8,8.0,5.5,5.6,1.3,0.9,8.1,9.3
89,Caleb Martin,2021-22,26,MIA,17,0,0,12.3,1.9,4.7,1.3,2.8,0.6,1.9,0.1,0.4,0.7,1.5,2.2,0.3,0.6,0.1,0.6,1.0,4.5,0.4,0.468,0.303,0.333,0.46,0.463,F,0.1,91.0,106.0,-0.3,0.3,0.016,-2.4,0.1,-2.3,0.0,9.3,6.5,14.6,10.4,3.7,2.4,1.0,10.8,19.7
90,Naji Marshall,2021-22,24,NOP,6,0,0,9.3,1.2,1.7,1.2,1.7,0.0,0.0,0.7,0.7,0.5,0.5,1.0,0.8,0.2,0.2,0.5,0.8,3.0,0.7,0.7,,1.0,0.765,0.7,F,0.1,137.0,121.0,0.1,0.0,0.113,1.4,1.6,3.0,0.1,15.0,5.9,6.8,6.3,13.0,0.9,1.5,20.3,11.3
91,Boban Marjanović,2021-22,33,DAL,3,0,0,2.0,0.3,1.3,0.3,1.3,0.0,0.0,0.7,0.7,0.0,1.0,1.0,0.0,0.3,0.0,0.7,0.0,1.3,0.25,0.25,,1.0,0.41,0.25,C,-0.1,59.0,88.0,-0.1,0.0,-0.456,-15.9,-0.4,-16.3,0.0,5.4,0.0,59.8,29.4,0.0,8.6,0.0,29.1,54.3
92,Timothé Luwawu-Cabarrot,2021-22,26,ATL,4,0,0,5.5,0.5,1.0,0.3,0.3,0.3,0.8,0.0,0.0,0.0,0.8,0.8,0.5,0.0,0.0,0.3,1.5,1.3,0.5,1.0,0.333,,0.625,0.625,F,0.0,111.0,118.0,0.0,0.0,0.037,-5.5,1.0,-4.5,0.0,3.9,0.0,16.8,8.2,14.5,0.0,0.0,20.0,10.5
93,Kyle Lowry,2021-22,35,MIA,10,10,0,29.5,2.5,8.6,1.2,3.2,1.3,5.4,1.5,1.9,0.3,3.3,3.6,4.7,1.2,0.7,1.9,2.9,7.8,0.291,0.375,0.241,0.789,0.413,0.366,G,0.1,91.0,106.0,-0.4,0.5,0.018,-3.4,0.7,-2.7,0.0,7.8,1.2,13.7,7.2,22.5,2.1,2.6,16.8,17.1
94,Brook Lopez,2021-22,33,MIL,12,12,0,27.7,4.2,8.5,3.7,6.2,0.5,2.3,1.8,1.9,2.3,3.7,5.9,0.7,0.5,1.5,0.9,2.8,10.6,0.49,0.595,0.214,0.913,0.566,0.52,C,1.1,115.0,102.0,0.4,0.7,0.159,-0.4,1.4,1.0,0.2,15.0,8.6,13.1,11.0,3.7,0.9,5.5,8.9,16.1
95,Kevon Looney,2021-22,25,GSW,22,13,0,20.4,2.6,4.0,2.6,4.0,0.0,0.0,0.5,0.8,2.9,4.8,7.6,2.2,0.4,0.5,0.9,2.3,5.8,0.659,0.659,,0.611,0.662,0.659,F-C,1.9,139.0,109.0,1.3,0.6,0.205,1.1,2.0,3.1,0.6,18.3,16.2,25.6,21.0,14.6,1.0,2.2,16.5,11.3
96,Damion Lee,2021-22,29,GSW,16,0,0,7.8,0.8,2.1,0.6,1.1,0.3,1.0,0.1,0.2,0.3,1.3,1.6,0.4,0.1,0.0,0.4,0.5,2.0,0.382,0.5,0.25,0.667,0.453,0.441,G,0.0,92.0,114.0,-0.1,0.1,-0.005,-4.1,-1.1,-5.2,-0.1,5.8,4.7,18.5,11.8,7.5,0.4,0.0,14.5,14.6
97,Zach LaVine,2021-22,26,CHI,4,4,1,38.3,6.8,15.8,4.5,9.8,2.3,6.0,3.5,3.8,0.0,5.3,5.3,6.0,0.8,0.3,3.0,2.3,19.3,0.429,0.462,0.375,0.933,0.553,0.5,G-F,0.1,102.0,112.0,0.0,0.2,0.045,1.3,0.6,1.8,0.1,13.8,0.0,15.0,6.9,27.0,0.9,0.6,14.7,23.4
98,Jonathan Kuminga,2021-22,19,GSW,16,3,0,8.6,1.9,3.8,1.7,2.9,0.2,0.8,1.3,1.6,0.3,1.4,1.7,0.5,0.2,0.1,0.7,0.7,5.2,0.5,0.574,0.231,0.769,0.581,0.525,F,0.2,107.0,111.0,0.1,0.1,0.08,-1.3,-0.7,-2.0,0.0,16.1,3.3,18.2,11.0,9.0,1.1,1.5,13.3,26.2
99,Luke Kornet,2021-22,26,BOS,9,0,0,2.1,0.3,0.4,0.2,0.3,0.1,0.1,0.0,0.0,0.1,0.4,0.6,0.1,0.0,0.0,0.1,0.1,0.8,0.75,0.667,1.0,,0.875,0.875,C-F,0.1,136.0,110.0,0.0,0.0,0.163,1.9,1.9,3.8,0.0,15.9,6.1,22.9,14.8,8.7,0.0,0.0,20.0,11.8
100,Furkan Korkmaz,2021-22,24,PHI,9,0,0,6.8,1.2,2.6,0.8,1.4,0.4,1.1,0.2,0.2,0.1,1.2,1.3,0.4,0.1,0.1,0.2,0.8,3.1,0.478,0.538,0.4,1.0,0.586,0.565,G,0.1,114.0,112.0,0.1,0.1,0.107,1.1,1.5,2.6,0.1,14.8,2.1,21.1,12.1,11.5,0.9,1.5,7.7,19.9
101,John Konchar,2021-22,25,MEM,8,0,0,7.0,0.4,1.4,0.3,0.6,0.1,0.8,0.3,0.3,0.4,2.0,2.4,0.6,0.4,0.1,0.1,0.9,1.1,0.273,0.4,0.167,1.0,0.379,0.318,G,0.1,103.0,103.0,0.0,0.1,0.1,-4.1,2.8,-1.3,0.0,9.5,5.3,31.9,17.9,11.5,2.5,1.7,7.8,9.4
102,Kevin Knox,2021-22,22,ATL,2,0,0,4.5,3.5,5.5,0.5,0.5,3.0,5.0,1.0,1.0,0.0,1.0,1.0,0.0,1.0,0.0,1.5,0.0,11.0,0.636,1.0,0.6,1.0,0.926,0.909,F,0.2,153.0,91.0,0.2,0.0,1.24,47.5,15.1,62.6,0.2,86.7,0.0,27.4,13.4,0.0,11.2,0.0,20.2,76.1
103,Maxi Kleber,2021-22,30,DAL,18,0,0,25.4,3.0,5.9,1.1,1.6,1.9,4.3,0.8,1.2,0.8,3.7,4.6,1.1,0.2,0.8,0.6,2.7,8.7,0.509,0.714,0.436,0.714,0.681,0.67,F,1.2,130.0,115.0,1.0,0.3,0.131,0.9,1.3,2.2,0.5,14.0,3.8,17.5,10.6,6.9,0.5,3.0,8.7,13.1
104,DeAndre Jordan,2021-22,33,PHI,3,2,0,10.3,1.7,1.7,1.7,1.7,0.0,0.0,0.0,0.0,0.3,2.0,2.3,0.3,0.0,0.7,0.7,1.3,3.3,1.0,1.0,,,1.0,1.0,C,0.1,133.0,110.0,0.1,0.0,0.136,-1.3,2.3,1.0,0.0,15.7,4.1,22.7,13.8,5.5,0.0,6.0,28.6,10.6
105,Tyus Jones,2021-22,25,MEM,12,3,0,21.8,3.3,8.3,1.8,4.5,1.5,3.8,1.2,1.3,0.3,2.9,3.3,4.5,1.2,0.2,1.1,0.7,9.2,0.394,0.389,0.4,0.933,0.521,0.485,G,0.7,114.0,108.0,0.4,0.4,0.134,1.1,1.9,3.0,0.3,16.2,1.5,14.9,7.8,30.3,2.5,0.7,11.0,18.5
106,Herbert Jones,2021-22,23,NOP,6,6,0,37.7,3.5,7.3,2.7,5.3,0.8,2.0,2.8,3.7,1.3,2.0,3.3,1.8,1.8,0.8,1.3,3.7,10.7,0.477,0.5,0.417,0.773,0.596,0.534,F,0.4,122.0,118.0,0.3,0.1,0.077,-1.1,1.5,0.4,0.1,11.6,3.9,6.7,5.2,6.8,2.5,1.9,13.0,11.7
107,Derrick Jones Jr.,2021-22,24,CHI,5,0,0,11.8,1.4,3.4,0.8,1.2,0.6,2.2,0.4,0.6,0.6,0.8,1.4,0.4,0.2,0.0,0.6,1.6,3.8,0.412,0.667,0.273,0.667,0.519,0.5,F,0.0,94.0,113.0,0.0,0.0,0.002,-4.7,-1.1,-5.8,-0.1,6.0,4.7,7.4,5.9,5.3,0.8,0.0,14.1,15.8
108,Nikola Jokić,2021-22,26,DEN,5,5,1,34.2,12.2,21.2,11.2,17.6,1.0,3.6,5.6,6.6,3.4,9.8,13.2,5.8,1.6,1.0,4.8,4.0,31.0,0.575,0.636,0.278,0.848,0.643,0.599,C-F,0.7,119.0,115.0,0.6,0.1,0.202,8.1,2.5,10.7,0.6,33.1,11.9,36.6,23.9,36.5,2.3,3.1,16.6,36.8
109,Jalen Johnson,2021-22,20,ATL,2,0,0,4.5,0.0,1.5,0.0,1.0,0.0,0.5,0.0,0.0,0.0,0.0,0.0,0.0,0.0,0.0,0.5,0.0,0.0,0.0,0.0,0.0,,0.0,0.0,F,-0.1,0.0,122.0,-0.1,0.0,-0.545,-17.0,-8.3,-25.2,-0.1,-20.1,0.0,0.0,0.0,0.0,0.0,0.0,25.0,20.5
110,Cameron Johnson,2021-22,25,PHO,13,3,0,24.6,3.5,7.6,1.8,3.1,1.7,4.5,2.0,2.5,0.7,2.8,3.5,1.5,0.4,0.1,0.9,2.4,10.8,0.465,0.6,0.373,0.813,0.619,0.576,F,0.6,121.0,119.0,0.6,0.0,0.094,0.9,-0.5,0.4,0.2,13.8,3.4,13.3,8.5,8.8,0.8,0.3,9.6,18.0
111,Isaiah Joe,2021-22,22,PHI,7,0,0,2.1,0.3,0.7,0.1,0.3,0.1,0.4,0.0,0.0,0.0,0.3,0.3,0.0,0.0,0.0,0.4,0.1,0.7,0.4,0.5,0.333,,0.5,0.5,G,-0.1,56.0,116.0,-0.1,0.0,-0.289,-10.4,-4.6,-15.0,0.0,-4.6,0.0,15.6,8.2,0.0,0.0,0.0,37.5,25.1
112,Jaren Jackson Jr.,2021-22,22,MEM,12,12,0,27.7,4.9,13.0,2.7,7.0,2.3,6.0,3.3,4.4,2.2,4.6,6.8,0.9,0.8,2.5,1.4,4.4,15.4,0.378,0.381,0.375,0.755,0.516,0.465,F,0.8,106.0,104.0,0.2,0.6,0.111,-0.4,1.2,0.7,0.2,15.9,7.8,18.5,12.9,5.1,1.3,8.9,8.7,24.2
113,Kyrie Irving,2021-22,29,BRK,4,4,0,42.5,7.0,15.8,5.0,10.5,2.0,5.3,5.3,5.3,1.5,3.8,5.3,5.3,1.8,1.3,2.3,3.3,21.3,0.444,0.476,0.381,1.0,0.588,0.508,G,0.4,122.0,121.0,0.4,0.0,0.115,3.4,-0.7,2.8,0.2,19.2,4.6,11.6,8.1,18.9,2.1,2.8,11.1,21.9
114,Brandon Ingram,2021-22,24,NOP,6,6,0,39.3,9.3,19.7,7.5,15.2,1.8,4.5,6.5,7.8,0.7,5.5,6.2,6.2,0.7,0.3,3.8,1.8,27.0,0.475,0.495,0.407,0.83,0.584,0.521,F,0.6,117.0,121.0,0.6,0.0,0.12,4.5,-0.5,3.9,0.4,21.3,1.9,17.7,9.3,27.3,0.9,0.7,14.2,29.5
115,Andre Iguodala,2021-22,38,GSW,7,0,0,8.7,0.6,1.3,0.4,0.9,0.1,0.4,0.3,0.4,0.4,0.6,1.0,1.7,0.0,0.3,0.6,1.6,1.6,0.444,0.5,0.333,0.667,0.533,0.5,F-G,0.1,116.0,115.0,0.1,0.0,0.077,-2.7,0.5,-2.2,0.0,8.0,5.7,7.2,6.4,24.7,0.0,3.3,27.9,10.3
116,Serge Ibaka,2021-22,32,MIL,6,0,0,3.7,0.7,2.7,0.7,2.2,0.0,0.5,0.2,0.3,0.3,1.3,1.7,0.0,0.0,0.0,0.3,0.2,1.5,0.25,0.308,0.0,0.5,0.267,0.25,F-C,-0.2,57.0,103.0,-0.2,0.0,-0.355,-13.3,-7.7,-21.1,-0.1,-3.9,9.7,36.0,23.3,0.0,0.0,0.0,10.6,37.2
117,Bones Hyland,2021-22,21,DEN,5,0,0,17.4,2.6,7.2,1.0,2.6,1.6,4.6,2.4,2.8,0.2,1.8,2.0,3.2,0.2,0.0,1.2,2.4,9.2,0.361,0.385,0.348,0.857,0.546,0.472,G,0.1,115.0,125.0,0.2,-0.1,0.058,0.9,-2.1,-1.1,0.0,13.6,1.4,13.2,7.1,27.4,0.6,0.0,12.5,24.1
118,De'Andre Hunter,2021-22,24,ATL,5,5,0,35.0,7.8,14.0,5.4,8.8,2.4,5.2,3.2,4.0,0.4,3.4,3.8,0.6,0.8,0.2,2.2,4.0,21.2,0.557,0.614,0.462,0.8,0.673,0.643,F,0.4,117.0,116.0,0.3,0.1,0.108,2.1,0.8,2.9,0.2,16.8,1.4,12.0,6.6,3.5,1.2,0.6,12.2,23.6
119,Kevin Huerter,2021-22,23,ATL,5,5,0,30.8,3.4,9.4,1.6,3.2,1.8,6.2,0.6,0.8,0.2,2.8,3.0,3.8,1.2,0.6,2.2,3.0,9.2,0.362,0.5,0.29,0.75,0.472,0.457,G,-0.1,92.0,114.0,-0.2,0.1,-0.017,-1.9,1.1,-0.8,0.0,7.7,0.8,11.2,5.9,20.3,2.0,2.0,18.4,17.9
120,Danuel House Jr.,2021-22,28,UTA,6,0,0,18.7,1.5,3.7,1.2,2.0,0.3,1.7,1.0,1.3,0.3,2.5,2.8,0.7,0.0,0.2,1.0,1.2,4.3,0.409,0.583,0.2,0.75,0.509,0.455,G,-0.1,92.0,118.0,-0.1,0.0,-0.027,-2.7,-0.7,-3.4,0.0,5.2,2.1,15.5,8.8,5.5,0.0,1.1,19.0,13.2
121,Al Horford,2021-22,35,BOS,23,23,0,35.4,4.4,8.4,2.3,4.1,2.0,4.3,1.2,1.6,1.5,7.8,9.3,3.3,0.8,1.3,1.3,2.8,12.0,0.523,0.568,0.48,0.778,0.663,0.645,C-F,3.2,129.0,104.0,1.7,1.5,0.187,2.2,3.8,6.0,1.7,16.6,5.0,23.9,14.8,14.6,1.2,3.5,12.2,13.1
122,Jrue Holiday,2021-22,31,MIL,12,12,0,38.6,7.4,19.6,5.3,13.0,2.1,6.6,2.2,2.6,1.0,4.6,5.6,6.5,1.8,0.6,2.8,2.3,19.1,0.379,0.41,0.316,0.839,0.461,0.432,G,0.6,97.0,102.0,-0.4,1.0,0.058,0.9,0.7,1.6,0.4,13.8,2.8,11.8,7.4,27.6,2.2,1.5,12.0,26.4
123,Aaron Holiday,2021-22,25,PHO,6,0,0,3.3,1.3,2.3,0.5,1.2,0.8,1.2,0.0,0.2,0.5,0.0,0.5,1.5,0.5,0.2,0.0,0.2,3.5,0.571,0.429,0.714,0.0,0.727,0.75,G,0.3,169.0,105.0,0.3,0.0,0.819,35.3,14.2,49.5,0.3,63.8,18.4,0.0,8.9,98.4,7.7,4.9,0.0,33.2
124,George Hill,2021-22,35,MIL,5,0,0,15.2,0.2,1.0,0.0,0.6,0.2,0.4,0.4,0.4,0.2,1.0,1.2,0.6,0.0,0.0,0.2,2.0,1.0,0.2,0.0,0.5,1.0,0.425,0.3,G,0.1,101.0,110.0,0.0,0.1,0.056,-7.3,-0.7,-8.0,-0.1,0.5,1.4,6.5,4.0,5.0,0.0,0.0,14.5,3.9
125,Haywood Highsmith,2021-22,25,MIA,8,0,0,3.9,0.4,0.9,0.0,0.3,0.4,0.6,0.0,0.0,0.3,0.4,0.6,0.4,0.0,0.0,0.4,0.3,1.1,0.429,0.0,0.6,,0.643,0.643,F,0.0,104.0,113.0,0.0,0.0,0.044,-0.2,0.6,0.4,0.0,8.3,7.3,11.8,9.5,13.9,0.0,0.0,30.0,14.4
126,Tyler Herro,2021-22,22,MIA,15,0,0,25.4,4.9,12.1,3.9,7.4,1.1,4.7,1.7,1.8,0.5,3.4,3.9,2.8,0.6,0.4,1.8,1.4,12.6,0.409,0.523,0.229,0.926,0.49,0.453,G,0.2,97.0,108.0,-0.3,0.5,0.03,-0.5,-0.5,-1.0,0.1,12.6,2.1,16.3,9.0,18.5,1.2,1.7,12.3,25.7
127,Willy Hernangómez,2021-22,27,NOP,1,0,0,2.0,1.0,4.0,1.0,3.0,0.0,1.0,0.0,0.0,2.0,0.0,2.0,0.0,0.0,0.0,0.0,1.0,2.0,0.25,0.333,0.0,,0.25,0.25,C,0.0,87.0,125.0,0.0,0.0,-0.383,-13.3,-34.4,-47.7,0.0,13.0,100.0,0.0,59.0,0.0,0.0,0.0,0.0,86.1
128,Juancho Hernangómez,2021-22,26,UTA,6,0,0,9.3,0.8,3.0,0.2,1.0,0.7,2.0,0.0,0.0,0.3,1.7,2.0,0.8,0.3,0.0,0.3,0.7,2.3,0.278,0.167,0.333,,0.389,0.389,F,0.0,89.0,114.0,-0.1,0.0,-0.026,-0.5,0.9,0.4,0.0,7.3,4.2,20.7,12.5,14.0,1.9,0.0,10.0,16.7
129,Jaxson Hayes,2021-22,21,NOP,6,6,0,13.8,2.3,4.2,2.3,3.7,0.0,0.5,1.2,1.8,0.7,1.8,2.5,0.2,0.0,0.3,0.7,1.8,5.8,0.56,0.636,0.0,0.636,0.586,0.56,F,0.1,113.0,121.0,0.1,0.0,0.044,-3.0,-1.9,-4.9,-0.1,11.9,5.3,16.7,10.7,1.9,0.0,2.1,11.8,17.5
130,Sam Hauser,2021-22,24,BOS,7,0,0,2.1,0.1,0.6,0.0,0.1,0.1,0.4,0.3,0.3,0.0,0.1,0.1,0.3,0.0,0.0,0.0,0.0,0.7,0.25,0.0,0.333,1.0,0.512,0.375,F,0.0,127.0,114.0,0.0,0.0,0.135,1.5,0.4,1.9,0.0,11.4,0.0,7.3,3.8,19.1,0.0,0.0,0.0,14.6
131,Tobias Harris,2021-22,29,PHI,12,12,0,38.8,6.8,13.5,4.9,8.8,1.8,4.8,1.6,1.8,0.8,6.8,7.6,2.9,1.1,0.8,1.5,2.9,16.9,0.5,0.562,0.386,0.864,0.591,0.568,F,1.2,115.0,110.0,0.7,0.5,0.122,1.6,1.4,3.0,0.6,16.2,2.8,20.4,12.0,13.0,1.5,2.0,9.5,19.1
132,James Harden,2021-22,32,PHI,12,12,1,39.9,5.3,13.2,3.0,6.8,2.3,6.3,5.6,6.3,0.9,4.8,5.7,8.6,0.8,0.7,4.2,2.4,18.6,0.405,0.439,0.368,0.893,0.584,0.494,G,1.1,113.0,114.0,0.7,0.4,0.112,2.5,-0.6,1.9,0.5,16.8,3.0,13.9,8.7,34.8,1.0,1.5,20.7,23.7
133,Blake Griffin,2021-22,32,BRK,2,0,0,12.5,1.0,3.5,0.0,1.0,1.0,2.5,1.0,1.0,1.0,1.0,2.0,2.0,0.5,0.5,0.5,1.5,4.0,0.286,0.0,0.4,1.0,0.508,0.429,F-C,0.1,122.0,121.0,0.1,0.0,0.099,2.9,1.0,3.9,0.0,15.5,10.4,10.5,10.4,21.7,2.0,3.9,11.3,16.3
134,Josh Green,2021-22,21,DAL,16,0,0,7.6,0.5,1.8,0.2,0.4,0.3,1.4,0.1,0.5,0.1,0.7,0.8,0.4,0.3,0.0,0.0,1.0,1.4,0.286,0.5,0.227,0.25,0.365,0.375,G-F,-0.1,87.0,115.0,-0.1,0.1,-0.021,-5.3,0.3,-5.0,-0.1,4.0,1.0,10.9,5.8,8.4,2.1,0.0,0.0,12.3
135,Jeff Green,2021-22,35,DEN,5,5,0,22.6,1.2,3.4,0.6,1.8,0.6,1.6,0.8,1.0,1.4,2.2,3.6,0.4,0.6,0.4,0.4,1.2,3.8,0.353,0.333,0.375,0.8,0.495,0.441,F,0.0,114.0,123.0,0.1,0.0,0.012,-1.4,-1.9,-3.3,0.0,7.6,7.4,12.4,9.9,2.3,1.3,1.9,9.4,8.2
136,Javonte Green,2021-22,28,CHI,5,1,0,14.4,0.6,3.4,0.6,2.2,0.0,1.2,0.2,0.4,1.6,1.4,3.0,0.4,1.8,0.0,0.8,1.6,1.4,0.176,0.273,0.0,0.5,0.196,0.176,F,-0.1,58.0,101.0,-0.3,0.2,-0.075,-7.8,1.5,-6.3,-0.1,4.1,10.3,10.6,10.4,3.9,6.0,0.0,18.3,13.3
137,JaMychal Green,2021-22,31,DEN,5,0,0,13.8,1.2,3.2,1.0,2.2,0.2,1.0,1.4,1.4,0.6,1.8,2.4,0.4,0.0,0.2,0.4,2.4,4.0,0.375,0.455,0.2,1.0,0.524,0.406,F,0.0,113.0,125.0,0.1,0.0,0.012,-4.4,-2.7,-7.1,-0.1,6.7,5.2,16.7,10.8,3.9,0.0,1.5,9.5,13.3
138,Draymond Green,2021-22,31,GSW,22,22,1,32.0,3.1,6.5,2.8,4.8,0.4,1.8,1.4,2.1,1.2,6.0,7.2,6.3,1.1,1.0,2.7,4.0,8.0,0.479,0.581,0.205,0.638,0.534,0.507,F,1.4,108.0,108.0,0.4,1.0,0.094,-2.0,2.9,0.9,0.5,12.3,4.3,20.6,12.7,25.7,1.8,3.2,26.4,14.0
139,Danny Green,2021-22,34,PHI,12,12,0,26.6,3.0,7.4,0.4,1.1,2.6,6.3,0.0,0.1,0.8,2.3,3.1,0.8,1.0,0.3,1.1,1.9,8.6,0.404,0.385,0.408,0.0,0.576,0.579,G-F,0.3,104.0,113.0,0.0,0.3,0.049,0.4,0.9,1.3,0.3,9.9,3.6,10.3,7.1,4.9,2.0,1.2,12.7,15.1
140,Devonte' Graham,2021-22,26,NOP,6,0,0,10.0,1.0,3.0,0.2,0.7,0.8,2.3,1.2,1.3,0.3,1.2,1.5,0.7,0.2,0.2,0.7,0.5,4.0,0.333,0.25,0.357,0.875,0.558,0.472,G,0.1,112.0,120.0,0.1,0.0,0.049,-0.2,-1.0,-1.1,0.0,11.5,3.7,14.7,8.9,9.4,0.9,1.4,15.7,18.3
141,Aaron Gordon,2021-22,26,DEN,5,5,0,32.0,4.6,10.8,4.0,7.8,0.6,3.0,4.0,5.6,3.6,3.6,7.2,2.6,0.4,1.2,1.6,2.8,13.8,0.426,0.513,0.2,0.714,0.52,0.454,F,0.2,115.0,122.0,0.3,0.0,0.063,0.9,-2.2,-1.3,0.0,15.7,13.5,14.4,13.9,12.0,0.6,3.9,10.8,20.2
142,Rudy Gobert,2021-22,29,UTA,6,6,1,32.8,3.5,5.5,3.5,5.5,0.0,0.0,5.0,7.3,3.5,9.7,13.2,0.5,0.2,1.0,1.3,3.2,12.0,0.636,0.636,,0.682,0.688,0.636,C,0.7,134.0,112.0,0.6,0.2,0.182,2.2,0.1,2.3,0.2,19.4,12.5,34.1,23.3,2.4,0.3,3.8,13.3,14.3
143,Danilo Gallinari,2021-22,33,ATL,5,3,0,22.4,3.6,9.0,2.8,6.0,0.8,3.0,2.2,2.2,0.4,3.8,4.2,0.8,0.2,0.0,1.0,1.2,10.2,0.4,0.467,0.267,1.0,0.512,0.444,F,0.0,101.0,116.0,0.0,0.0,0.011,-0.6,-1.3,-1.8,0.0,10.8,2.1,20.9,11.3,6.4,0.5,0.0,9.1,22.5
144,Bryn Forbes,2021-22,28,DEN,5,0,0,15.2,1.2,3.0,0.4,0.8,0.8,2.2,0.8,1.0,0.2,0.4,0.6,1.4,0.2,0.0,0.4,1.4,4.0,0.4,0.5,0.364,0.8,0.581,0.533,G,0.0,123.0,127.0,0.1,-0.1,0.028,-0.8,-1.9,-2.8,0.0,7.8,1.6,3.4,2.4,12.4,0.7,0.0,10.4,11.0
145,Malachi Flynn,2021-22,23,TOR,6,0,0,6.0,0.0,1.2,0.0,0.7,0.0,0.5,0.0,0.0,0.3,0.2,0.5,0.5,0.2,0.0,0.2,1.0,0.0,0.0,0.0,0.0,,0.0,0.0,G,-0.2,40.0,124.0,-0.1,0.0,-0.219,-11.5,-2.9,-14.4,-0.1,-5.7,6.2,3.8,5.1,10.6,1.5,0.0,12.5,10.3
146,Malik Fitts,2021-22,24,BOS,9,0,0,1.8,0.3,0.4,0.1,0.2,0.2,0.2,0.0,0.0,0.0,0.2,0.2,0.0,0.0,0.0,0.0,0.0,0.9,0.75,0.5,1.0,,1.0,1.0,F,0.1,179.0,113.0,0.1,0.0,0.201,6.9,1.5,8.3,0.0,20.2,0.0,13.6,7.0,0.0,0.0,0.0,0.0,11.3
147,Dorian Finney-Smith,2021-22,28,DAL,18,18,0,38.2,4.1,8.7,1.6,2.7,2.6,6.0,0.9,1.3,1.8,3.7,5.5,1.9,0.9,0.4,1.0,2.9,11.7,0.471,0.571,0.426,0.708,0.63,0.618,F,1.5,125.0,116.0,1.2,0.3,0.106,0.5,0.5,1.0,0.5,12.6,5.4,11.6,8.5,7.8,1.3,0.9,9.7,12.8
148,Joel Embiid,2021-22,27,PHI,10,10,1,38.5,7.8,16.1,7.1,12.8,0.7,3.3,7.3,8.9,2.1,8.6,10.7,2.1,0.4,0.8,3.2,3.4,23.6,0.484,0.555,0.212,0.82,0.59,0.506,C,0.9,111.0,111.0,0.5,0.4,0.117,1.1,-1.0,0.1,0.2,19.1,7.0,26.2,17.0,9.9,0.5,1.9,13.8,28.4
149,Kessler Edwards,2021-22,21,BRK,2,0,0,3.5,0.0,0.0,0.0,0.0,0.0,0.0,0.0,0.0,0.0,0.0,0.0,0.5,0.5,0.0,0.5,1.5,0.0,,,,,,,F,0.0,49.0,114.0,0.0,0.0,-0.104,-10.8,6.4,-4.4,0.0,-2.2,0.0,0.0,0.0,17.5,7.3,0.0,100.0,6.6
150,Anthony Edwards,2021-22,20,MIN,6,6,0,37.8,8.3,18.3,4.5,8.8,3.8,9.5,4.7,5.7,0.7,3.5,4.2,3.0,1.2,1.2,2.5,3.7,25.2,0.455,0.509,0.404,0.824,0.604,0.559,G,0.5,112.0,114.0,0.3,0.2,0.102,3.2,0.2,3.5,0.3,17.8,2.1,9.8,6.1,14.8,1.4,2.6,10.7,26.4
151,Kevin Durant,2021-22,33,BRK,4,4,1,44.0,8.0,20.8,6.3,15.5,1.8,5.3,8.5,9.5,0.5,5.3,5.8,6.3,1.0,0.3,5.3,3.8,26.3,0.386,0.403,0.333,0.895,0.526,0.428,F-G,-0.1,102.0,124.0,0.0,-0.1,-0.026,0.4,-3.3,-2.9,0.0,13.6,1.5,15.7,8.5,22.3,1.2,0.5,17.4,31.5
152,Andre Drummond,2021-22,28,BRK,4,4,0,15.0,1.5,2.8,1.5,2.8,0.0,0.0,0.8,1.3,0.8,2.3,3.0,0.8,1.3,0.8,1.5,3.0,3.8,0.545,0.545,,0.6,0.568,0.545,C,0.0,90.0,113.0,-0.1,0.1,-0.012,-4.9,1.7,-3.2,0.0,10.0,6.5,19.7,13.1,7.0,4.3,4.8,31.3,14.7
153,Goran Dragić,2021-22,35,BRK,4,0,0,19.8,4.5,8.0,3.5,5.0,1.0,3.0,0.5,0.5,1.5,3.0,4.5,1.5,0.8,0.0,1.3,2.8,10.5,0.563,0.7,0.333,1.0,0.639,0.625,G,0.2,120.0,121.0,0.2,0.0,0.106,1.1,-0.1,1.1,0.1,19.3,9.9,20.0,14.9,12.9,1.9,0.0,13.2,22.0
154,Ayo Dosunmu,2021-22,22,CHI,5,1,0,17.2,1.6,5.2,1.0,2.6,0.6,2.6,0.2,0.2,0.8,1.8,2.6,2.2,0.2,0.0,0.6,1.0,4.0,0.308,0.385,0.231,1.0,0.378,0.365,G,-0.1,88.0,114.0,-0.1,0.1,-0.029,-3.9,-1.4,-5.3,-0.1,6.0,4.3,11.4,7.6,19.2,0.6,0.0,10.2,15.0
155,Luka Dončić,2021-22,22,DAL,15,15,1,36.8,10.7,23.5,7.3,13.6,3.4,9.9,6.9,9.0,0.7,9.1,9.8,6.4,1.8,0.6,3.9,2.9,31.7,0.455,0.534,0.345,0.77,0.577,0.527,G-F,1.9,111.0,108.0,1.1,0.8,0.164,6.8,2.5,9.3,1.6,28.6,2.1,29.7,15.7,37.3,2.5,1.5,12.5,40.4
156,Spencer Dinwiddie,2021-22,28,DAL,18,3,0,27.8,4.4,10.7,2.2,5.3,2.2,5.3,3.1,3.7,0.4,2.0,2.4,3.6,0.8,0.3,1.6,2.3,14.2,0.417,0.417,0.417,0.821,0.576,0.521,G,1.1,114.0,116.0,0.8,0.2,0.101,1.8,-0.5,1.3,0.4,16.6,1.9,8.6,5.2,21.8,1.6,1.1,11.6,23.7
157,Gorgui Dieng,2021-22,32,ATL,2,0,0,5.0,0.5,1.0,0.5,0.5,0.0,0.5,0.5,0.5,0.5,1.0,1.5,0.0,0.0,0.0,0.0,0.0,1.5,0.5,1.0,0.0,1.0,0.615,0.5,C,0.0,143.0,117.0,0.0,0.0,0.149,1.9,-3.2,-1.3,0.0,15.4,11.9,24.6,18.1,0.0,0.0,0.0,0.0,11.2
158,DeMar DeRozan,2021-22,32,CHI,5,5,1,40.6,7.8,19.0,7.8,17.2,0.0,1.8,5.2,6.0,0.2,5.2,5.4,4.8,1.8,0.4,2.2,2.4,20.8,0.411,0.453,0.0,0.867,0.481,0.411,G-F,0.1,96.0,109.0,-0.2,0.3,0.019,-1.3,0.5,-0.8,0.1,13.4,0.5,14.0,6.7,20.9,2.1,1.0,9.2,25.7
159,Dewayne Dedmon,2021-22,32,MIA,14,0,0,9.9,1.5,3.2,1.4,2.5,0.1,0.7,0.7,0.9,1.1,1.9,3.0,0.4,0.1,0.2,0.5,2.6,3.8,0.467,0.571,0.1,0.833,0.527,0.478,C,0.3,109.0,108.0,0.1,0.2,0.104,-5.8,-0.4,-6.2,-0.1,11.2,12.4,23.9,17.9,5.7,0.4,2.4,12.2,18.5
160,Stephen Curry,2021-22,33,GSW,22,18,1,34.7,9.2,20.0,5.0,9.6,4.1,10.4,4.9,5.9,0.5,4.7,5.2,5.9,1.3,0.4,2.6,2.7,27.4,0.459,0.526,0.397,0.829,0.606,0.563,G,3.2,119.0,110.0,2.4,0.9,0.203,6.7,1.1,7.7,1.9,24.4,1.7,14.9,8.4,28.3,1.9,1.1,10.3,31.8
161,Seth Curry,2021-22,31,BRK,4,4,0,33.0,5.5,9.8,2.5,4.0,3.0,5.8,0.5,0.8,0.5,2.0,2.5,3.0,0.3,0.8,0.8,3.8,14.5,0.564,0.625,0.522,0.667,0.719,0.718,G,0.3,141.0,127.0,0.4,-0.1,0.12,4.0,-1.0,3.0,0.2,16.4,2.0,8.0,4.9,14.0,0.4,2.2,6.9,15.1
162,Jarrett Culver,2021-22,22,MEM,3,0,0,7.3,1.0,3.3,1.0,2.7,0.0,0.7,0.3,0.7,0.7,1.7,2.3,0.3,0.7,0.0,0.7,1.3,2.3,0.3,0.375,0.0,0.5,0.322,0.3,G,-0.1,70.0,101.0,-0.1,0.0,-0.111,-12.4,0.8,-11.5,-0.1,3.6,9.1,25.4,16.8,6.6,4.3,0.0,15.5,24.0
163,Jae Crowder,2021-22,31,PHO,13,13,0,29.5,3.2,8.1,1.8,3.2,1.5,4.8,1.5,2.0,0.6,4.1,4.7,2.4,1.0,0.5,1.5,3.6,9.4,0.4,0.548,0.302,0.731,0.524,0.49,F,0.2,103.0,116.0,0.0,0.2,0.029,-2.2,1.4,-0.9,0.1,9.8,2.6,16.0,9.5,10.8,1.8,1.8,14.0,16.3
164,Torrey Craig,2021-22,31,PHO,9,0,0,7.7,0.9,2.4,0.6,1.3,0.3,1.1,0.1,0.2,0.6,1.1,1.7,0.6,0.4,0.2,0.4,0.7,2.2,0.364,0.417,0.3,0.5,0.437,0.432,G-F,0.0,93.0,112.0,-0.1,0.1,0.0,-1.2,1.4,0.3,0.0,10.7,8.9,16.7,12.9,9.8,3.0,2.8,14.9,17.9
165,DeMarcus Cousins,2021-22,31,DEN,5,0,0,11.4,3.8,5.8,3.0,4.6,0.8,1.2,2.2,3.0,0.6,2.8,3.4,1.2,0.6,0.2,1.4,1.8,10.6,0.655,0.652,0.667,0.733,0.744,0.724,C-F,0.3,125.0,116.0,0.2,0.0,0.216,8.2,3.5,11.8,0.2,32.9,6.3,31.4,18.4,21.6,2.6,1.8,16.4,32.5
166,Pat Connaughton,2021-22,29,MIL,12,0,0,26.5,3.5,7.3,1.4,2.0,2.1,5.3,0.4,0.4,0.3,4.0,4.3,0.9,0.4,0.3,0.6,1.2,9.5,0.477,0.708,0.391,1.0,0.632,0.619,G,1.0,120.0,105.0,0.4,0.6,0.144,1.0,1.2,2.2,0.3,12.2,1.0,14.9,8.2,5.2,0.8,1.3,7.2,13.2
167,Mike Conley,2021-22,34,UTA,6,6,0,29.0,3.2,9.5,2.3,5.3,0.8,4.2,2.0,2.5,0.3,2.8,3.2,4.8,0.8,0.3,2.2,3.2,9.2,0.333,0.438,0.2,0.8,0.432,0.377,G,-0.1,92.0,115.0,-0.2,0.1,-0.037,-3.3,-0.6,-3.9,-0.1,8.2,1.3,11.3,6.4,26.9,1.5,1.4,17.0,20.6
168,John Collins,2021-22,24,ATL,5,4,0,24.4,3.8,7.8,3.0,5.6,0.8,2.2,1.0,2.0,0.4,4.2,4.6,1.2,0.4,0.2,1.0,2.4,9.4,0.487,0.536,0.364,0.5,0.541,0.538,F,0.1,103.0,115.0,0.0,0.1,0.034,-0.8,0.0,-0.9,0.0,10.7,1.9,21.2,11.4,8.8,0.8,0.8,10.3,18.3
169,Nic Claxton,2021-22,22,BRK,4,0,0,24.5,4.8,6.0,4.8,6.0,0.0,0.0,1.0,5.5,1.8,4.5,6.3,1.5,1.3,2.3,0.5,1.5,10.5,0.792,0.792,,0.182,0.624,0.792,C,0.3,125.0,113.0,0.2,0.1,0.143,4.4,2.3,6.6,0.2,24.1,9.3,24.2,16.7,9.8,2.6,8.9,5.6,16.7
170,Jordan Clarkson,2021-22,29,UTA,6,0,0,28.3,6.7,12.2,5.2,8.2,1.5,4.0,2.7,3.0,0.8,2.3,3.2,1.3,0.5,0.2,1.7,2.8,17.5,0.548,0.633,0.375,0.889,0.649,0.61,G,0.5,120.0,117.0,0.4,0.1,0.133,3.6,0.7,4.3,0.3,19.8,3.4,9.5,6.5,9.5,0.9,0.7,11.0,25.0
171,Brandon Clarke,2021-22,25,MEM,12,0,0,24.7,4.7,7.6,4.7,7.5,0.0,0.1,3.0,4.5,3.1,3.8,6.9,2.0,0.8,0.8,1.0,1.9,12.3,0.615,0.622,0.0,0.667,0.645,0.615,F,1.4,133.0,108.0,1.0,0.4,0.226,3.5,1.4,4.8,0.5,22.4,12.5,17.3,14.8,12.7,1.4,3.3,9.5,17.5
172,Marquese Chriss,2021-22,24,DAL,8,0,0,3.8,0.5,1.0,0.4,0.8,0.1,0.3,0.6,0.8,0.5,0.6,1.1,0.0,0.0,0.0,0.1,0.4,1.8,0.5,0.5,0.5,0.833,0.658,0.563,F,0.1,136.0,117.0,0.1,0.0,0.198,1.3,-2.4,-1.1,0.0,19.0,15.5,19.9,17.7,0.0,0.0,0.0,8.6,18.4
173,Alex Caruso,2021-22,27,CHI,4,4,0,28.3,2.3,5.8,0.5,1.3,1.8,4.5,0.0,0.0,0.5,2.3,2.8,4.3,1.3,1.0,0.3,2.8,6.3,0.391,0.4,0.389,,0.543,0.543,G,0.3,123.0,108.0,0.1,0.2,0.128,-0.6,3.9,3.3,0.2,12.4,1.6,8.7,4.9,22.2,2.1,3.5,4.2,9.3
174,Jevon Carter,2021-22,26,MIL,11,0,0,11.5,0.8,1.7,0.5,1.1,0.3,0.6,0.2,0.2,0.3,1.2,1.5,0.9,0.7,0.0,0.5,1.1,2.1,0.474,0.5,0.429,1.0,0.578,0.553,G,0.3,105.0,102.0,0.0,0.3,0.109,-4.2,3.0,-1.2,0.0,8.6,2.5,10.2,6.5,10.9,3.1,0.0,23.2,8.9
175,Clint Capela,2021-22,27,ATL,2,2,0,20.0,1.0,3.0,1.0,3.0,0.0,0.0,0.0,0.0,2.0,5.5,7.5,0.0,0.5,0.5,0.5,1.0,2.0,0.333,0.333,,,0.333,0.333,C,0.0,88.0,110.0,0.0,0.0,0.021,-2.2,-1.0,-3.1,0.0,7.8,11.9,33.8,22.7,0.0,1.3,2.5,14.3,8.1
176,Vlatko Čančar,2021-22,24,DEN,2,0,0,4.5,1.0,1.5,0.5,0.5,0.5,1.0,0.0,0.0,0.0,1.0,1.0,0.5,0.0,0.0,1.0,0.0,2.5,0.667,1.0,0.5,,0.833,0.833,F,0.0,91.0,125.0,0.0,0.0,-0.1,1.9,-1.3,0.6,0.0,13.1,0.0,28.4,13.7,18.6,0.0,0.0,40.0,24.2
177,Facundo Campazzo,2021-22,30,DEN,4,0,0,3.3,0.0,0.5,0.0,0.0,0.0,0.5,0.0,0.0,0.0,0.8,0.8,0.5,0.0,0.0,0.5,0.8,0.0,0.0,,0.0,,0.0,0.0,G,-0.1,30.0,124.0,-0.1,0.0,-0.323,-15.7,-3.6,-19.4,-0.1,-10.5,0.0,29.5,14.3,18.7,0.0,0.0,50.0,13.4
178,Jimmy Butler,2021-22,32,MIA,17,17,1,37.0,9.8,19.3,8.4,15.3,1.4,4.0,6.5,7.8,2.4,4.9,7.4,4.6,2.1,0.6,1.5,1.5,27.4,0.506,0.55,0.338,0.841,0.604,0.541,F-G,3.8,127.0,104.0,2.7,1.1,0.291,8.3,3.5,11.8,2.2,29.9,7.4,16.3,11.7,23.5,2.8,1.9,6.1,29.1
179,Jared Butler,2021-22,21,UTA,1,0,0,5.0,0.0,2.0,0.0,2.0,0.0,0.0,0.0,0.0,0.0,1.0,1.0,0.0,0.0,0.0,0.0,0.0,0.0,0.0,0.0,,,0.0,0.0,G,0.0,0.0,118.0,0.0,0.0,-0.445,-13.3,-5.4,-18.6,0.0,-15.2,0.0,23.1,11.6,0.0,0.0,0.0,0.0,18.7
180,Trey Burke,2021-22,29,DAL,10,0,0,3.7,1.1,2.2,0.7,1.2,0.4,1.0,0.6,0.6,0.0,0.3,0.3,0.4,0.1,0.0,0.1,0.3,3.2,0.5,0.583,0.4,1.0,0.649,0.591,G,0.2,129.0,117.0,0.2,0.0,0.246,7.3,1.8,9.0,0.1,29.6,0.0,9.7,4.8,23.6,1.4,0.0,3.9,32.8
181,Reggie Bullock,2021-22,30,DAL,18,18,0,39.3,3.4,8.4,0.5,1.1,2.9,7.3,0.9,1.0,0.4,4.1,4.6,1.7,1.2,0.1,0.4,2.7,10.6,0.404,0.45,0.397,0.889,0.598,0.576,G-F,1.2,120.0,115.0,0.8,0.4,0.081,-0.5,0.9,0.4,0.4,10.1,1.3,12.5,6.8,6.3,1.6,0.1,4.8,11.2
182,Jalen Brunson,2021-22,25,DAL,18,18,0,34.9,8.1,17.3,6.6,13.1,1.4,4.2,4.0,5.0,0.8,3.8,4.6,3.7,0.8,0.1,1.1,2.1,21.6,0.466,0.504,0.347,0.8,0.553,0.508,G,1.6,115.0,116.0,1.3,0.3,0.123,2.0,-0.5,1.5,0.6,20.1,2.8,12.9,7.8,20.0,1.2,0.1,5.1,27.8
183,Troy Brown Jr.,2021-22,22,CHI,3,0,0,12.3,1.7,5.7,1.0,2.0,0.7,3.7,0.0,0.0,0.3,2.3,2.7,1.0,0.7,0.0,1.0,0.7,4.0,0.294,0.5,0.182,,0.353,0.353,G-F,-0.1,67.0,107.0,-0.2,0.1,-0.157,-6.2,-0.8,-7.0,0.0,3.6,2.5,20.6,10.8,13.0,2.6,0.0,15.0,23.7
184,Sterling Brown,2021-22,26,DAL,9,0,0,2.9,0.3,1.1,0.3,0.7,0.0,0.4,0.6,0.8,0.1,0.8,0.9,0.3,0.4,0.2,0.3,0.0,1.2,0.3,0.5,0.0,0.714,0.42,0.3,G,0.0,84.0,92.0,-0.1,0.1,0.001,-0.9,7.9,7.0,0.1,20.3,4.5,32.2,18.1,18.0,8.0,7.0,18.7,29.3
185,Jaylen Brown,2021-22,25,BOS,24,24,0,38.3,8.2,17.5,5.7,10.8,2.5,6.7,4.2,5.5,1.4,5.5,6.9,3.5,1.1,0.4,3.1,3.0,23.1,0.47,0.531,0.373,0.763,0.581,0.542,F-G,2.2,109.0,108.0,0.9,1.3,0.115,1.8,0.8,2.6,1.1,17.2,4.2,15.7,10.2,16.8,1.5,1.0,13.4,26.9
186,Bruce Brown,2021-22,25,BRK,4,4,0,34.8,5.3,9.3,3.8,5.8,1.5,3.5,2.0,2.5,1.5,3.3,4.8,2.8,1.3,0.8,2.3,4.0,14.0,0.568,0.652,0.429,0.8,0.676,0.649,G-F,0.2,121.0,122.0,0.3,0.0,0.078,2.1,0.3,2.4,0.2,15.4,5.6,12.3,8.9,11.9,1.8,2.1,17.9,16.6
187,Dillon Brooks,2021-22,26,MEM,11,11,0,30.5,5.5,15.6,3.2,9.1,2.3,6.5,1.5,2.3,0.7,2.0,2.7,2.7,1.0,0.3,2.0,3.3,14.6,0.349,0.35,0.347,0.64,0.44,0.422,F-G,-0.3,90.0,112.0,-0.6,0.3,-0.036,-3.3,-1.3,-4.6,-0.2,6.9,2.4,7.3,4.7,13.8,1.5,0.9,10.7,25.1
188,Armoni Brooks,2021-22,23,TOR,4,0,0,2.0,0.0,1.0,0.0,0.0,0.0,1.0,0.0,0.0,0.0,0.5,0.5,0.0,0.0,0.0,0.0,0.0,0.0,0.0,,0.0,,0.0,0.0,G,-0.1,0.0,121.0,-0.1,0.0,-0.577,-20.8,-9.5,-30.3,-0.1,-18.9,0.0,34.1,15.4,0.0,0.0,0.0,0.0,23.2
189,Mikal Bridges,2021-22,25,PHO,13,13,0,38.5,5.1,10.6,4.1,8.1,1.0,2.5,2.2,2.3,0.9,3.8,4.7,2.8,1.1,1.0,0.8,2.4,13.3,0.478,0.505,0.394,0.933,0.572,0.525,F-G,0.9,121.0,117.0,0.8,0.2,0.091,0.4,1.0,1.4,0.4,13.8,2.9,11.3,7.3,10.2,1.4,2.5,6.8,14.9
190,Tony Bradley,2021-22,24,CHI,2,0,0,4.0,2.5,2.5,2.5,2.5,0.0,0.0,0.0,0.0,0.0,2.0,2.0,0.5,0.0,0.0,0.0,0.0,5.0,1.0,1.0,,,1.0,1.0,F-C,0.1,202.0,106.0,0.1,0.0,0.513,25.5,10.6,36.1,0.1,58.6,0.0,54.5,25.1,93.8,0.0,0.0,0.0,27.4
191,Chris Boucher,2021-22,29,TOR,6,0,0,21.7,4.3,7.0,3.3,4.5,1.0,2.5,1.5,1.7,2.0,3.8,5.8,0.2,0.2,1.2,0.3,2.2,11.2,0.619,0.741,0.4,0.9,0.722,0.69,F,0.6,146.0,119.0,0.5,0.0,0.209,4.8,0.4,5.3,0.2,24.5,10.4,24.1,16.6,1.3,0.4,5.9,4.1,17.3
192,Devin Booker,2021-22,25,PHO,10,10,1,36.6,7.9,17.5,5.1,11.0,2.8,6.5,4.7,5.3,1.0,3.8,4.8,4.4,0.5,0.4,3.2,2.5,23.3,0.451,0.464,0.431,0.887,0.587,0.531,G,0.6,111.0,120.0,0.5,0.0,0.072,3.3,-1.3,2.0,0.4,18.0,3.3,12.0,7.8,18.7,0.7,1.1,13.9,28.9
193,Isaac Bonga,2021-22,22,TOR,1,0,0,3.0,0.0,0.0,0.0,0.0,0.0,0.0,2.0,2.0,0.0,1.0,1.0,0.0,0.0,0.0,0.0,1.0,2.0,,,,1.0,1.136,,G,0.0,250.0,118.0,0.0,0.0,0.551,-0.1,4.4,4.3,0.0,30.3,0.0,45.4,20.5,0.0,0.0,0.0,0.0,13.6
194,Bojan Bogdanović,2021-22,32,UTA,6,6,0,35.7,6.5,13.5,4.7,8.0,1.8,5.5,3.2,4.0,0.5,3.7,4.2,1.7,0.3,0.0,2.0,4.0,18.0,0.481,0.583,0.333,0.792,0.59,0.549,G-F,0.3,110.0,118.0,0.2,0.0,0.057,0.2,-0.7,-0.5,0.1,13.1,1.6,11.9,6.8,8.5,0.5,0.0,11.6,22.7
195,Bogdan Bogdanović,2021-22,29,ATL,4,0,0,26.8,5.0,12.3,2.8,5.8,2.3,6.5,2.0,2.5,1.0,3.8,4.8,3.0,0.3,0.3,1.0,3.0,14.3,0.408,0.478,0.346,0.8,0.534,0.5,G,0.2,113.0,116.0,0.2,0.0,0.09,1.6,-0.5,1.1,0.1,15.6,4.4,17.3,10.7,21.2,0.5,1.0,7.0,24.7
196,Nemanja Bjelica,2021-22,33,GSW,15,0,0,10.0,1.2,2.3,1.0,1.7,0.2,0.5,0.3,0.5,0.4,1.7,2.1,1.1,0.3,0.1,0.5,1.4,2.9,0.529,0.577,0.375,0.571,0.58,0.574,F,0.3,116.0,110.0,0.2,0.2,0.107,-2.6,1.1,-1.5,0.0,11.4,4.6,18.2,11.6,15.3,1.3,1.3,15.9,12.9
197,Bismack Biyombo,2021-22,29,PHO,9,0,0,9.6,1.2,1.9,1.2,1.9,0.0,0.0,0.3,0.7,0.9,1.2,2.1,0.6,0.1,0.2,0.7,1.4,2.8,0.647,0.647,,0.5,0.636,0.647,C-F,0.1,112.0,118.0,0.1,0.0,0.054,-2.8,0.5,-2.3,0.0,11.4,11.4,14.8,13.1,8.0,0.6,2.3,23.4,13.7
198,Khem Birch,2021-22,29,TOR,6,4,0,10.5,1.3,2.7,1.0,2.0,0.3,0.7,0.0,0.0,0.7,0.8,1.5,0.5,0.2,0.2,0.5,2.2,3.0,0.5,0.5,0.5,,0.563,0.563,C-F,0.0,107.0,123.0,0.0,0.0,0.003,-5.1,-0.1,-5.2,0.0,8.1,7.1,10.8,8.8,7.2,0.8,1.7,15.8,14.0
199,Patrick Beverley,2021-22,33,MIN,6,6,0,32.3,3.5,8.2,2.0,3.8,1.5,4.3,2.5,3.7,0.7,2.5,3.2,4.8,1.2,1.2,2.0,4.7,11.0,0.429,0.522,0.346,0.682,0.562,0.52,G,0.3,110.0,113.0,0.2,0.2,0.076,-0.5,1.5,1.0,0.1,11.5,2.4,8.2,5.4,23.0,1.7,3.1,17.0,15.6
200,Dāvis Bertāns,2021-22,29,DAL,18,0,0,10.7,1.2,3.1,0.2,0.2,1.1,2.8,0.6,0.7,0.2,1.2,1.4,0.3,0.4,0.1,0.2,1.4,4.1,0.4,0.75,0.373,0.833,0.606,0.573,F,0.4,120.0,113.0,0.3,0.2,0.112,0.0,0.9,0.9,0.1,13.0,2.4,13.7,8.0,4.9,2.2,0.9,4.7,15.6
201,Malik Beasley,2021-22,25,MIN,6,0,0,19.8,3.2,7.3,1.8,3.2,1.3,4.2,0.8,1.0,0.3,3.0,3.3,0.7,0.3,0.2,1.2,1.5,8.5,0.432,0.579,0.32,0.833,0.547,0.523,G,0.0,96.0,115.0,-0.1,0.1,-0.001,-1.7,-0.9,-2.6,0.0,9.0,2.0,16.0,9.3,5.6,0.8,0.7,13.0,19.3
202,Charles Bassey,2021-22,21,PHI,3,0,0,4.0,0.3,0.7,0.3,0.7,0.0,0.0,0.0,0.3,0.3,1.3,1.7,0.3,0.0,0.3,0.0,0.3,0.7,0.5,0.5,,0.0,0.41,0.5,C,0.0,116.0,105.0,0.0,0.0,0.13,0.2,1.6,1.8,0.0,14.6,10.7,39.0,25.5,12.5,0.0,7.7,0.0,9.6
203,Will Barton,2021-22,31,DEN,5,5,0,34.4,5.4,13.2,3.2,7.6,2.2,5.6,0.8,1.2,1.0,4.6,5.6,2.8,0.8,0.2,2.0,2.2,13.8,0.409,0.421,0.393,0.667,0.503,0.492,G,-0.1,100.0,123.0,0.0,-0.1,-0.027,-0.5,-2.3,-2.8,0.0,9.9,3.5,17.1,10.1,12.3,1.2,0.6,12.7,19.9
204,Scottie Barnes,2021-22,20,TOR,4,3,0,33.3,4.5,10.5,4.0,7.5,0.5,3.0,3.3,4.0,1.8,7.3,9.0,4.3,1.0,0.3,1.3,3.0,12.8,0.429,0.533,0.167,0.813,0.52,0.452,G-F,0.2,115.0,118.0,0.2,0.0,0.082,0.7,1.0,1.7,0.1,16.8,5.9,29.7,16.7,19.7,1.6,0.8,9.3,18.9
205,Dalano Banton,2021-22,22,TOR,4,0,0,2.0,0.5,0.5,0.5,0.5,0.0,0.0,0.8,1.5,0.5,0.0,0.5,0.3,0.3,0.0,0.3,0.0,1.8,1.0,1.0,,0.5,0.754,1.0,G-F,0.1,135.0,113.0,0.1,0.0,0.373,16.8,4.6,21.4,0.0,46.9,28.1,0.0,15.4,23.4,6.6,0.0,17.7,32.7
206,Desmond Bane,2021-22,23,MEM,12,12,0,35.7,6.3,13.3,2.8,5.9,3.6,7.3,2.5,2.9,0.4,3.3,3.8,2.2,0.9,0.8,1.3,1.9,18.8,0.478,0.465,0.489,0.857,0.645,0.613,G,1.3,123.0,111.0,0.9,0.5,0.15,2.9,0.6,3.5,0.6,16.0,1.2,10.4,5.5,9.3,1.2,2.1,8.4,18.2
207,Deandre Ayton,2021-22,23,PHO,13,13,0,30.5,8.1,12.6,7.9,12.3,0.2,0.3,1.6,2.5,2.5,6.4,8.9,1.7,0.4,0.8,1.5,2.6,17.9,0.64,0.644,0.5,0.636,0.653,0.646,C,1.4,125.0,115.0,1.2,0.2,0.167,3.4,0.2,3.6,0.6,23.5,10.2,24.1,17.4,9.3,0.6,2.4,9.6,22.9
208,OG Anunoby,2021-22,24,TOR,6,6,0,36.2,6.5,13.7,4.2,6.8,2.3,6.8,2.0,2.7,1.2,2.8,4.0,2.5,1.0,0.2,1.7,3.0,17.3,0.476,0.61,0.341,0.75,0.584,0.561,F,0.2,114.0,123.0,0.3,-0.1,0.051,1.2,-0.4,0.8,0.1,15.2,3.6,10.7,6.8,11.4,1.5,0.5,10.1,21.2
209,Thanasis Antetokounmpo,2021-22,29,MIL,8,0,0,2.5,0.3,0.4,0.3,0.4,0.0,0.0,0.1,0.4,0.1,0.4,0.5,0.1,0.1,0.0,0.0,0.5,0.6,0.667,0.667,,0.333,0.579,0.667,F,0.1,130.0,102.0,0.0,0.0,0.178,-3.9,3.2,-0.7,0.0,11.2,5.3,14.8,10.2,7.1,2.4,0.0,0.0,9.4
210,Giannis Antetokounmpo,2021-22,27,MIL,12,12,1,37.3,11.7,23.8,10.9,20.3,0.8,3.4,7.6,11.2,2.2,12.0,14.2,6.8,0.7,1.3,4.5,3.6,31.7,0.491,0.537,0.22,0.679,0.552,0.507,F-G,1.7,108.0,99.0,0.6,1.1,0.178,6.5,4.0,10.4,1.4,26.8,6.2,31.8,19.4,36.9,0.9,3.4,13.6,38.5
211,Kyle Anderson,2021-22,28,MEM,12,1,0,18.4,2.4,4.3,2.2,3.3,0.3,1.0,0.9,1.5,0.8,3.5,4.3,1.8,0.9,0.6,0.8,1.8,6.0,0.569,0.667,0.25,0.611,0.611,0.598,F-G,0.7,119.0,105.0,0.3,0.4,0.147,-0.7,3.5,2.8,0.3,15.0,4.5,21.2,12.4,13.6,2.3,3.1,14.5,12.8
212,Jose Alvarado,2021-22,23,NOP,6,0,0,19.5,2.7,5.5,1.7,2.8,1.0,2.7,1.7,2.2,0.3,1.0,1.3,1.5,1.2,0.2,1.2,3.0,8.0,0.485,0.588,0.375,0.769,0.62,0.576,G,0.2,119.0,117.0,0.2,0.0,0.09,-1.8,1.7,-0.1,0.1,13.3,1.9,6.5,4.0,11.4,3.1,0.7,15.3,16.8
213,Grayson Allen,2021-22,26,MIL,12,5,0,25.4,3.1,6.8,1.5,2.8,1.6,4.0,0.6,0.9,0.4,2.5,2.9,1.3,0.7,0.3,0.8,1.8,8.3,0.451,0.529,0.396,0.636,0.576,0.567,G,0.7,111.0,105.0,0.2,0.5,0.115,-1.0,1.2,0.2,0.2,10.3,1.7,9.7,5.9,7.2,1.3,1.3,9.4,13.6
214,Nickeil Alexander-Walker,2021-22,23,UTA,1,0,0,5.0,2.0,2.0,2.0,2.0,0.0,0.0,1.0,1.0,0.0,1.0,1.0,1.0,1.0,0.0,0.0,0.0,5.0,1.0,1.0,,1.0,1.025,1.0,G,0.1,212.0,93.0,0.1,0.0,0.81,27.8,22.3,50.1,0.1,66.5,0.0,23.1,11.6,60.8,10.6,0.0,0.0,22.9
215,Bam Adebayo,2021-22,24,MIA,18,18,0,34.1,5.8,9.7,5.8,9.7,0.0,0.1,3.2,4.2,2.1,5.9,8.0,2.7,1.0,0.7,2.1,3.1,14.8,0.594,0.598,0.0,0.763,0.638,0.594,C-F,2.2,120.0,106.0,1.2,1.0,0.169,0.9,2.0,2.9,0.8,17.9,6.9,21.3,13.8,12.6,1.5,2.3,15.4,17.9
216,Steven Adams,2021-22,28,MEM,7,5,0,16.3,1.3,3.0,1.3,3.0,0.0,0.0,0.9,1.6,2.1,4.3,6.4,2.1,0.1,0.1,0.6,1.7,3.4,0.429,0.429,,0.545,0.464,0.429,C,0.3,120.0,109.0,0.2,0.2,0.128,-1.6,0.5,-1.1,0.0,12.8,13.1,29.4,20.8,17.6,0.4,0.9,13.4,10.7
217,Precious Achiuwa,2021-22,22,TOR,6,1,0,27.8,4.2,8.7,3.3,6.0,0.8,2.7,1.0,1.7,1.3,3.5,4.8,1.0,0.2,0.8,1.5,2.3,10.2,0.481,0.556,0.313,0.6,0.541,0.529,F,0.0,102.0,122.0,0.0,0.0,-0.014,-2.4,-1.0,-3.3,-0.1,10.9,5.4,17.1,10.7,5.7,0.3,3.3,13.8,18.2
